t,roll,pitch,dz_fl,dz_fr,dz_rl,dz_rr
0.0103,0.024,-0.108,0.0,0.0,0.0,0.0
0.0436,0.018,-0.111,0.0,0.0,0.0,0.0
0.0763,0.018,-0.12,0.0,0.0,0.0,0.0
0.1069,0.01,-0.123,0.0,0.0,0.0,0.0
0.1373,-0.0,-0.123,0.0,0.0,0.0,0.0
0.1687,-0.013,-0.115,0.0,0.0,0.0,0.0
0.2017,-0.004,-0.12,0.0,0.0,0.0,0.0
0.232,0.012,-0.137,0.0,0.0,0.0,0.0
0.265,0.024,-0.153,0.0,0.0,0.0,0.0
0.2951,0.028,-0.165,0.0,0.0,0.0,0.0
0.3253,0.029,-0.166,0.0,0.0,0.0,0.0
0.358,0.007,-0.167,0.0,0.0,0.0,0.0
0.388,-0.035,-0.178,0.0,0.0,0.0,0.0
0.4189,-0.081,-0.203,0.0,0.0,0.0,0.0
0.4517,-0.103,-0.227,0.0,0.0,0.0,0.0
0.4819,-0.111,-0.259,0.0,0.0,0.0,0.0
0.5127,-0.107,-0.289,0.0,0.0,0.0,0.0
0.5456,-0.095,-0.312,0.0,0.0,0.0,0.0
0.5758,-0.096,-0.331,0.0,0.0,0.0,0.0
0.6067,-0.09,-0.35,0.0,0.0,0.0,0.0
0.6368,-0.086,-0.345,0.0,0.0,0.0,0.0
0.6695,-0.092,-0.333,0.0,0.0,0.0,0.0
0.701,-0.097,-0.314,0.0,0.0,0.0,0.0
0.731,-0.106,-0.294,0.0,0.0,0.0,0.0
0.7612,-0.102,-0.277,0.0,0.0,0.0,0.0
0.7917,-0.086,-0.262,0.0,0.0,0.0,0.0
0.8246,-0.061,-0.257,0.0,0.0,0.0,0.0
0.8547,-0.033,-0.249,0.0,0.0,0.0,0.0
0.8854,-0.014,-0.239,0.0,0.0,0.0,0.0
0.9156,0.005,-0.227,0.0,0.0,0.0,0.0
0.9482,0.029,-0.216,0.0,0.0,0.0,0.0
0.9802,0.048,-0.204,0.0,0.0,0.0,0.0
1.011,0.059,-0.188,0.0,0.0,0.0,0.0
1.0439,0.066,-0.163,0.0,0.0,0.0,0.0
1.0768,0.081,-0.142,0.0,0.0,0.0,0.0
1.1071,0.101,-0.128,0.0,0.0,0.0,0.0
1.1372,0.122,-0.125,0.0,0.0,0.0,0.0
1.17,0.154,-0.129,0.0,0.0,0.0,0.0
1.2,0.175,-0.131,0.0,0.0,0.0,0.0
1.2303,0.188,-0.121,0.0,0.0,0.0,0.0
1.2632,0.183,-0.121,0.0,0.0,0.0,0.0
1.2933,0.156,-0.133,0.0,0.0,0.0,0.0
1.3238,0.128,-0.145,0.0,0.0,0.0,0.0
1.3563,0.105,-0.156,0.0,0.0,0.0,0.0
1.3864,0.095,-0.163,0.0,0.0,0.0,0.0
1.4168,0.089,-0.169,0.0,0.0,0.0,0.0
1.4484,0.084,-0.169,0.0,0.0,0.0,0.0
1.4812,0.084,-0.166,0.0,0.0,0.0,0.0
1.5127,0.078,-0.165,0.0,0.0,0.0,0.0
1.5457,0.077,-0.156,0.0,0.0,0.0,0.0
1.5757,0.088,-0.147,0.0,0.0,0.0,0.0
1.6065,0.103,-0.142,0.0,0.0,0.0,0.0
1.6365,0.122,-0.138,0.0,0.0,0.0,0.0
1.6666,0.144,-0.133,0.0,0.0,0.0,0.0
1.6974,0.164,-0.127,0.0,0.0,0.0,0.0
1.7276,0.182,-0.117,0.0,0.0,0.0,0.0
1.7575,0.208,-0.089,0.0,0.0,0.0,0.0
1.7875,0.24,-0.05,0.0,0.0,0.0,0.0
1.8205,0.275,0.005,0.0,0.0,0.0,0.0
1.8506,0.317,0.064,0.0,0.0,0.0,0.0
1.8807,0.347,0.121,0.0,0.0,0.0,0.0
1.9139,0.383,0.162,0.0,0.0,0.0,0.0
1.9441,0.423,0.215,0.0,0.0,0.0,0.0
1.9746,0.447,0.254,0.0,0.0,0.0,0.0
2.0074,0.488,0.296,0.0,0.0,0.0,0.0
2.0375,0.539,0.347,-0.00029,0.00029,-0.00029,0.00029
2.0692,0.579,0.396,-0.0006,0.0006,-0.0006,0.0006
2.0998,0.599,0.431,-0.00092,0.00092,-0.00092,0.00092
2.1331,0.616,0.403,-0.00124,0.00124,-0.00124,0.00124
2.1654,0.651,0.464,-0.00159,0.00159,-0.00159,0.00159
2.1955,0.676,0.572,-0.00171,0.0022,-0.0022,0.00171
2.2256,0.62,0.602,-0.00178,0.00278,-0.00278,0.00178
2.2573,0.576,0.663,-0.00181,0.00337,-0.00337,0.00181
2.2874,0.528,0.782,-0.00175,0.00399,-0.00399,0.00175
2.3174,0.437,0.82,-0.0014,0.00434,-0.00434,0.0014
2.3487,0.394,0.857,-0.00104,0.0047,-0.0047,0.00104
2.3787,0.348,0.952,-0.00063,0.00511,-0.00511,0.00063
2.409,0.279,0.972,-0.00022,0.00553,-0.00553,0.00022
2.4399,0.255,0.955,0.00019,0.00593,-0.00593,-0.00019
2.4728,0.215,0.861,0.00056,0.0063,-0.0063,-0.00056
2.5032,0.18,0.789,0.00089,0.00664,-0.00664,-0.00089
2.5342,0.268,0.753,0.00121,0.00696,-0.00696,-0.00121
2.5647,0.337,0.69,0.00151,0.00725,-0.00725,-0.00151
2.5975,0.333,0.701,0.00181,0.00755,-0.00755,-0.00181
2.63,0.331,0.676,0.0021,0.00784,-0.00784,-0.0021
2.6601,0.358,0.544,0.00233,0.00807,-0.00807,-0.00233
2.6902,0.408,0.568,0.00257,0.00831,-0.00831,-0.00257
2.7224,0.413,0.595,0.00283,0.00857,-0.00857,-0.00283
2.7525,0.402,0.544,0.00306,0.0088,-0.0088,-0.00306
2.7826,0.418,0.521,0.00328,0.00902,-0.00902,-0.00328
2.8144,0.447,0.487,0.00328,0.00902,-0.00902,-0.00328
2.8448,0.506,0.413,0.00301,0.00929,-0.00929,-0.00301
2.8748,0.59,0.481,0.0027,0.00961,-0.00961,-0.0027
2.9059,0.578,0.413,0.00239,0.00992,-0.00992,-0.00239
2.936,0.59,0.453,0.00207,0.01023,-0.01023,-0.00207
2.9688,0.646,0.447,0.00173,0.01058,-0.01058,-0.00173
3.0014,0.736,0.474,0.00134,0.01097,-0.01097,-0.00134
3.0315,0.825,0.471,0.0009,0.01141,-0.01141,-0.0009
3.0619,0.837,0.541,0.00068,0.01208,-0.01208,-0.00068
3.0928,0.711,0.495,0.0003,0.01246,-0.01246,-0.0003
3.1257,0.631,0.566,0.00021,0.01304,-0.01304,-0.00021
3.1558,0.559,0.535,0.00014,0.01357,-0.01357,-0.00014
3.1877,0.441,0.53,0.00036,0.01379,-0.01379,-0.00036
3.2177,0.376,0.553,0.0006,0.01403,-0.01403,-0.0006
3.2478,0.375,0.644,0.00087,0.01431,-0.01431,-0.00087
3.2804,0.237,0.619,0.00114,0.01457,-0.01457,-0.00114
3.3106,0.144,0.622,0.0014,0.01484,-0.01484,-0.0014
3.3429,0.097,0.636,0.00167,0.01511,-0.01511,-0.00167
3.3745,0.053,0.611,0.00193,0.01537,-0.01537,-0.00193
3.4047,0.065,0.605,0.00219,0.01563,-0.01563,-0.00219
3.4348,0.065,0.644,0.00247,0.0159,-0.0159,-0.00247
3.4664,0.138,0.589,0.00272,0.01615,-0.01615,-0.00272
3.4967,0.157,0.589,0.00297,0.0164,-0.0164,-0.00297
3.5266,0.164,0.705,0.00327,0.0167,-0.0167,-0.00327
3.5591,0.257,0.68,0.00356,0.01699,-0.01699,-0.00356
3.5892,0.341,0.457,0.00356,0.01699,-0.01699,-0.00356
3.6193,0.473,0.349,0.00356,0.01699,-0.01699,-0.00356
3.6516,0.621,0.258,0.00323,0.01733,-0.01733,-0.00323
3.6817,0.753,0.213,0.00283,0.01773,-0.01773,-0.00283
3.712,0.824,0.052,0.00239,0.01817,-0.01817,-0.00239
3.743,0.935,-0.054,0.00189,0.01866,-0.01866,-0.00189
3.7733,0.994,-0.162,0.00136,0.01919,-0.01919,-0.00136
3.8037,1.024,-0.297,0.00081,0.01974,-0.01974,-0.00081
3.8344,0.982,-0.295,0.00029,0.02026,-0.02026,-0.00029
3.8674,0.864,-0.331,-0.00017,0.02073,-0.02073,0.00017
3.8977,0.782,-0.34,-0.00059,0.02114,-0.02114,0.00059
3.93,0.648,-0.495,-0.00093,0.02149,-0.02149,0.00093
3.96,0.555,-0.42,-0.00123,0.02178,-0.02178,0.00123
3.99,0.385,-0.485,-0.00123,0.02178,-0.02178,0.00123
4.0219,0.243,-0.562,-0.00147,0.02154,-0.02154,0.00147
4.0525,0.094,-0.619,-0.00173,0.02128,-0.02128,0.00173
4.0857,-0.086,-0.767,-0.00206,0.02095,-0.02095,0.00206
4.1175,-0.206,-0.822,-0.00241,0.0206,-0.0206,0.00241
4.1513,-0.268,-0.875,-0.00278,0.02023,-0.02023,0.00278
4.1827,-0.35,-0.948,-0.00319,0.01983,-0.01983,0.00319
4.2158,-0.434,-0.945,-0.00359,0.01942,-0.01942,0.00359
4.2461,-0.525,-1.003,-0.00374,0.01871,-0.01871,0.00374
4.2796,-0.421,-0.954,-0.00415,0.01831,-0.01831,0.00415
4.3129,-0.35,-0.985,-0.00457,0.01789,-0.01789,0.00457
4.3446,-0.25,-1.034,-0.00501,0.01745,-0.01745,0.00501
4.3769,-0.243,-1.095,-0.00548,0.01698,-0.01698,0.00548
4.4071,-0.128,-1.024,-0.00591,0.01654,-0.01654,0.00591
4.4379,-0.084,-1.022,-0.00635,0.0161,-0.0161,0.00635
4.4685,-0.077,-1.025,-0.00679,0.01567,-0.01567,0.00679
4.5016,-0.028,-0.927,-0.00718,0.01527,-0.01527,0.00718
4.5344,0.048,-0.831,-0.00754,0.01492,-0.01492,0.00754
4.5683,0.02,-0.841,-0.00789,0.01456,-0.01456,0.00789
4.6003,-0.078,-0.773,-0.00822,0.01423,-0.01423,0.00822
4.6335,-0.108,-0.727,-0.00853,0.01392,-0.01392,0.00853
4.6642,-0.082,-0.667,-0.00882,0.01363,-0.01363,0.00882
4.6959,-0.152,-0.512,-0.00904,0.01342,-0.01342,0.00904
4.7265,-0.149,-0.458,-0.00904,0.01342,-0.01342,0.00904
4.7573,-0.009,-0.37,-0.00904,0.01342,-0.01342,0.00904
4.7875,0.084,-0.345,-0.00904,0.01342,-0.01342,0.00904
4.8202,0.127,-0.308,-0.00904,0.01342,-0.01342,0.00904
4.8502,0.142,-0.345,-0.00904,0.01342,-0.01342,0.00904
4.8828,0.193,-0.39,-0.00904,0.01342,-0.01342,0.00904
4.9133,0.261,-0.43,-0.00904,0.01342,-0.01342,0.00904
4.9437,0.316,-0.48,-0.00904,0.01342,-0.01342,0.00904
4.9766,0.34,-0.552,-0.00927,0.01318,-0.01318,0.00927
5.0066,0.34,-0.653,-0.00955,0.0129,-0.0129,0.00955
5.0365,0.31,-0.752,-0.00987,0.01258,-0.01258,0.00987
5.0676,0.292,-0.797,-0.01021,0.01224,-0.01224,0.01021
5.0984,0.271,-0.854,-0.01058,0.01188,-0.01188,0.01058
5.1311,0.23,-0.908,-0.01096,0.01149,-0.01149,0.01096
5.1626,0.215,-0.996,-0.01139,0.01106,-0.01106,0.01139
5.1933,0.193,-1.003,-0.01182,0.01064,-0.01064,0.01182
5.2238,0.113,-1.007,-0.01225,0.01021,-0.01021,0.01225
5.257,0.077,-1.098,-0.01272,0.00974,-0.00974,0.01272
5.2874,0.062,-1.165,-0.01321,0.00924,-0.00924,0.01321
5.319,-0.008,-1.04,-0.01366,0.0088,-0.0088,0.01366
5.3524,-0.045,-0.934,-0.01406,0.0084,-0.0084,0.01406
5.3826,-0.057,-0.915,-0.01445,0.00801,-0.00801,0.01445
5.4136,-0.132,-0.86,-0.01481,0.00764,-0.00764,0.01481
5.4439,-0.14,-0.934,-0.01521,0.00724,-0.00724,0.01521
5.4783,-0.043,-0.948,-0.01562,0.00684,-0.00684,0.01562
5.511,-0.062,-0.95,-0.01602,0.00643,-0.00643,0.01602
5.5412,-0.174,-0.846,-0.01638,0.00607,-0.00607,0.01638
5.5714,-0.152,-0.854,-0.01675,0.00571,-0.00571,0.01675
5.6046,-0.052,-0.882,-0.01712,0.00533,-0.00533,0.01712
5.6352,-0.076,-0.913,-0.01751,0.00494,-0.00494,0.01751
5.6657,-0.102,-1.006,-0.01794,0.00451,-0.00451,0.01794
5.7002,-0.101,-0.908,-0.01833,0.00412,-0.00412,0.01833
5.7327,-0.077,-0.871,-0.0187,0.00375,-0.00375,0.0187
5.7668,-0.162,-0.835,-0.01906,0.0034,-0.0034,0.01906
5.8008,-0.19,-0.849,-0.01942,0.00303,-0.00303,0.01942
5.8337,-0.084,-0.915,-0.01981,0.00264,-0.00264,0.01981
5.8648,-0.023,-0.992,-0.02023,0.00222,-0.00222,0.02023
5.8964,-0.165,-0.972,-0.02065,0.00181,-0.00181,0.02065
5.9277,-0.262,-1.024,-0.02108,0.00137,-0.00137,0.02108
5.9587,-0.257,-1.041,-0.02153,0.00093,-0.00093,0.02153
5.9897,-0.306,-1.072,-0.02199,0.00047,-0.00047,0.02199
6.0224,-0.397,-1.197,-0.0225,-4e-05,4e-05,0.0225
6.0539,-0.41,-1.232,-0.02302,-0.00057,0.00057,0.02302
6.0859,-0.544,-1.249,-0.02327,-0.00139,0.00139,0.02327
6.1193,-0.765,-1.295,-0.02341,-0.00235,0.00235,0.02341
6.1508,-0.864,-1.265,-0.02349,-0.00335,0.00335,0.02349
6.1844,-1.006,-1.236,-0.02348,-0.00442,0.00442,0.02348
6.2157,-1.094,-1.148,-0.02339,-0.00549,0.00549,0.02339
6.2467,-1.142,-1.074,-0.02323,-0.00656,0.00656,0.02323
6.28,-1.238,-0.973,-0.02299,-0.00763,0.00763,0.02299
6.3106,-1.347,-0.89,-0.02265,-0.00873,0.00873,0.02265
6.3419,-1.266,-0.776,-0.02231,-0.00974,0.00974,0.02231
6.3761,-1.167,-0.756,-0.02201,-0.01068,0.01068,0.02201
6.4085,-1.199,-0.602,-0.02162,-0.01158,0.01158,0.02162
6.4421,-1.123,-0.513,-0.02124,-0.0124,0.0124,0.02124
6.4726,-0.916,-0.607,-0.02101,-0.01314,0.01314,0.02101
6.5043,-0.741,-0.605,-0.02088,-0.0138,0.0138,0.02088
6.537,-0.626,-0.638,-0.02082,-0.0144,0.0144,0.02082
6.5705,-0.493,-0.662,-0.0211,-0.01469,0.01469,0.0211
6.6022,-0.422,-0.766,-0.02143,-0.01501,0.01501,0.02143
6.633,-0.334,-0.799,-0.02177,-0.01535,0.01535,0.02177
6.664,-0.232,-0.781,-0.0221,-0.01569,0.01569,0.0221
6.695,-0.202,-0.769,-0.02243,-0.01601,0.01601,0.02243
6.7257,-0.277,-0.798,-0.02277,-0.01636,0.01636,0.02277
6.7564,-0.212,-0.786,-0.0231,-0.01669,0.01669,0.0231
6.7906,-0.174,-0.858,-0.02347,-0.01706,0.01706,0.02347
6.8217,-0.245,-0.824,-0.02382,-0.01741,0.01741,0.02382
6.8525,-0.382,-0.747,-0.02414,-0.01773,0.01773,0.02414
6.8857,-0.458,-0.728,-0.02445,-0.01804,0.01804,0.02445
6.9168,-0.385,-0.749,-0.02477,-0.01836,0.01836,0.02477
6.95,-0.433,-0.71,-0.02507,-0.01866,0.01866,0.02507
6.9811,-0.568,-0.629,-0.02504,-0.01923,0.01923,0.02504
7.0118,-0.62,-0.597,-0.02496,-0.01982,0.01982,0.02496
7.0433,-0.537,-0.612,-0.02494,-0.02036,0.02036,0.02494
7.0745,-0.575,-0.571,-0.02487,-0.02091,0.02091,0.02487
7.1057,-0.637,-0.572,-0.02478,-0.0215,0.0215,0.02478
7.1399,-0.654,-0.516,-0.02465,-0.02207,0.02207,0.02465
7.1735,-0.641,-0.503,-0.02452,-0.02262,0.02262,0.02452
7.2047,-0.596,-0.44,-0.0242,-0.02294,0.02294,0.0242
7.237,-0.455,-0.345,-0.0242,-0.02294,0.02294,0.0242
7.269,-0.383,-0.36,-0.0242,-0.02294,0.02294,0.0242
7.3024,-0.337,-0.293,-0.0242,-0.02294,0.02294,0.0242
7.3334,-0.348,-0.215,-0.0242,-0.02294,0.02294,0.0242
7.3662,-0.415,-0.202,-0.0242,-0.02294,0.02294,0.0242
7.3974,-0.436,-0.22,-0.0242,-0.02294,0.02294,0.0242
7.428,-0.454,-0.189,-0.0242,-0.02294,0.02294,0.0242
7.4614,-0.51,-0.132,-0.02393,-0.02321,0.02321,0.02393
7.4922,-0.61,-0.11,-0.02361,-0.02354,0.02354,0.02361
7.5229,-0.732,-0.104,-0.02322,-0.02393,0.02393,0.02322
7.5559,-0.843,-0.011,-0.02277,-0.02438,0.02438,0.02277
7.5868,-0.966,-0.09,-0.02225,-0.02489,0.02489,0.02225
7.6176,-1.003,-0.075,-0.02172,-0.02543,0.02543,0.02172
7.6509,-1.057,-0.04,-0.02115,-0.02599,0.02599,0.02115
7.6815,-1.23,0.021,-0.0205,-0.02665,0.02665,0.0205
7.7126,-1.277,-0.038,-0.01982,-0.02733,0.02733,0.01982
7.7449,-1.331,-0.028,-0.01911,-0.02804,0.02804,0.01911
7.7761,-1.379,-0.088,-0.01837,-0.02878,0.02878,0.01837
7.8089,-1.238,-0.098,-0.01771,-0.02944,0.02944,0.01771
7.8395,-1.069,-0.137,-0.01714,-0.03001,0.03001,0.01714
7.8701,-0.926,-0.15,-0.01665,-0.0305,0.0305,0.01665
7.9021,-0.785,-0.215,-0.01623,-0.03092,0.03092,0.01623
7.9335,-0.646,-0.296,-0.01588,-0.03126,0.03126,0.01588
7.9643,-0.477,-0.288,-0.01588,-0.03126,0.03126,0.01588
7.9953,-0.17,-0.291,-0.01588,-0.03126,0.03126,0.01588
8.026,0.025,-0.286,-0.01588,-0.03126,0.03126,0.01588
8.0575,0.079,-0.255,-0.01588,-0.03126,0.03126,0.01588
8.089,0.107,-0.259,-0.01588,-0.03126,0.03126,0.01588
8.1224,0.143,-0.244,-0.01588,-0.03126,0.03126,0.01588
8.1549,0.144,-0.191,-0.01588,-0.03126,0.03126,0.01588
8.1905,0.041,-0.084,-0.01588,-0.03126,0.03126,0.01588
8.2263,-0.132,0.009,-0.01588,-0.03126,0.03126,0.01588
8.2619,-0.307,0.139,-0.01588,-0.03126,0.03126,0.01588
8.2962,-0.473,0.272,-0.01588,-0.03126,0.03126,0.01588
8.3276,-0.628,0.439,-0.01555,-0.0316,0.0316,0.01555
8.3581,-0.788,0.615,-0.01487,-0.03176,0.03176,0.01487
8.3925,-0.935,0.714,-0.01406,-0.03195,0.03195,0.01406
8.4238,-1.112,0.797,-0.01313,-0.0322,0.0322,0.01313
8.4556,-1.199,0.929,-0.01209,-0.03245,0.03245,0.01209
8.4886,-1.334,1.01,-0.01095,-0.03273,0.03273,0.01095
8.5205,-1.409,1.004,-0.00977,-0.03305,0.03305,0.00977
8.554,-1.361,1.049,-0.0086,-0.03333,0.03333,0.0086
8.5845,-1.271,1.008,-0.00749,-0.03358,0.03358,0.00749
8.615,-1.174,0.966,-0.00645,-0.03379,0.03379,0.00645
8.647,-1.112,0.922,-0.00546,-0.03399,0.03399,0.00546
8.6772,-0.951,0.956,-0.00455,-0.03409,0.03409,0.00455
8.708,-0.805,0.96,-0.00371,-0.03411,0.03411,0.00371
8.741,-0.589,0.946,-0.00299,-0.03402,0.03402,0.00299
8.7714,-0.489,0.809,-0.00265,-0.03367,0.03367,0.00265
8.8024,-0.389,0.784,-0.00231,-0.03334,0.03334,0.00231
8.833,-0.392,0.724,-0.002,-0.03303,0.03303,0.002
8.8632,-0.31,0.742,-0.00169,-0.03271,0.03271,0.00169
8.8934,-0.18,0.654,-0.00141,-0.03244,0.03244,0.00141
8.9263,-0.126,0.642,-0.00113,-0.03216,0.03216,0.00113
8.9565,-0.2,0.632,-0.00086,-0.03189,0.03189,0.00086
8.9864,-0.287,0.654,-0.00059,-0.03161,0.03161,0.00059
9.0176,-0.34,0.596,-0.00033,-0.03136,0.03136,0.00033
9.0479,-0.397,0.572,-9e-05,-0.03111,0.03111,9e-05
9.0784,-0.507,0.601,0.00044,-0.03113,0.03113,-0.00044
9.1119,-0.669,0.65,0.00107,-0.03121,0.03121,-0.00107
9.1428,-0.807,0.699,0.0018,-0.03134,0.03134,-0.0018
9.1738,-0.851,0.714,0.00256,-0.03149,0.03149,-0.00256
9.2043,-0.937,0.803,0.0034,-0.03165,0.03165,-0.0034
9.2345,-0.94,0.887,0.00428,-0.03177,0.03177,-0.00428
9.2651,-0.977,0.876,0.00518,-0.03192,0.03192,-0.00518
9.2981,-0.974,0.915,0.00609,-0.03205,0.03205,-0.00609
9.3283,-0.87,0.797,0.00689,-0.03217,0.03217,-0.00689
9.3589,-0.706,0.716,0.00757,-0.03224,0.03224,-0.00757
9.3919,-0.527,0.58,0.0081,-0.03227,0.03227,-0.0081
9.4224,-0.435,0.408,0.0081,-0.03227,0.03227,-0.0081
9.4531,-0.288,0.157,0.0081,-0.03227,0.03227,-0.0081
9.4858,-0.116,0.007,0.0081,-0.03227,0.03227,-0.0081
9.5162,0.02,-0.061,0.0081,-0.03227,0.03227,-0.0081
9.5469,0.12,-0.111,0.0081,-0.03227,0.03227,-0.0081
9.5772,0.17,-0.135,0.0081,-0.03227,0.03227,-0.0081
9.6074,0.19,-0.106,0.0081,-0.03227,0.03227,-0.0081
9.6381,0.2,-0.029,0.0081,-0.03227,0.03227,-0.0081
9.6713,0.155,0.053,0.0081,-0.03227,0.03227,-0.0081
9.7016,0.066,0.123,0.0081,-0.03227,0.03227,-0.0081
9.7327,-0.024,0.186,0.0081,-0.03227,0.03227,-0.0081
9.7646,-0.131,0.254,0.0081,-0.03227,0.03227,-0.0081
9.795,-0.22,0.314,0.0081,-0.03227,0.03227,-0.0081
9.8264,-0.28,0.37,0.0081,-0.03227,0.03227,-0.0081
9.8566,-0.346,0.406,0.0081,-0.03227,0.03227,-0.0081
9.8868,-0.45,0.429,0.0081,-0.03227,0.03227,-0.0081
9.9184,-0.58,0.464,0.00841,-0.03258,0.03258,-0.00841
9.9489,-0.706,0.481,0.00879,-0.03296,0.03296,-0.00879
9.9792,-0.871,0.486,0.00925,-0.03342,0.03342,-0.00925
10.0106,-0.848,0.395,0.00971,-0.03388,0.03388,-0.00971
10.0443,-0.912,0.46,0.01019,-0.03436,0.03436,-0.01019
10.0752,-0.965,0.478,0.01071,-0.03488,0.03488,-0.01071
10.1084,-1.036,0.514,0.01148,-0.03521,0.03521,-0.01148
10.1389,-1.178,0.527,0.01233,-0.03561,0.03561,-0.01233
10.169,-1.227,0.382,0.01299,-0.03627,0.03627,-0.01299
10.2021,-1.272,0.317,0.01366,-0.03695,0.03695,-0.01366
10.2322,-1.202,0.23,0.01431,-0.03759,0.03759,-0.01431
10.2622,-1.009,0.205,0.01484,-0.03813,0.03813,-0.01484
10.293,-0.877,0.106,0.01531,-0.03859,0.03859,-0.01531
10.3234,-0.707,0.006,0.01569,-0.03897,0.03897,-0.01569
10.3534,-0.577,-0.209,0.016,-0.03928,0.03928,-0.016
10.386,-0.43,-0.355,0.016,-0.03928,0.03928,-0.016
10.4161,-0.245,-0.425,0.016,-0.03928,0.03928,-0.016
10.4464,-0.002,-0.442,0.016,-0.03928,0.03928,-0.016
10.4795,0.132,-0.467,0.016,-0.03928,0.03928,-0.016
10.5099,0.262,-0.5,0.016,-0.03928,0.03928,-0.016
10.5399,0.201,-0.48,0.016,-0.03928,0.03928,-0.016
10.573,0.116,-0.471,0.016,-0.03928,0.03928,-0.016
10.6029,-0.006,-0.4,0.016,-0.03928,0.03928,-0.016
10.6331,-0.202,-0.325,0.016,-0.03928,0.03928,-0.016
10.6655,-0.398,-0.242,0.016,-0.03928,0.03928,-0.016
10.6956,-0.61,-0.163,0.01632,-0.0396,0.0396,-0.01632
10.7256,-0.816,-0.084,0.01676,-0.04,0.04,-0.01676
10.7564,-1.039,-0.056,0.01731,-0.04,0.04,-0.01731
10.7867,-1.281,-0.036,0.01799,-0.04,0.04,-0.01799
10.8171,-1.451,-0.018,0.01877,-0.04,0.04,-0.01877
10.8487,-1.527,0.078,0.01958,-0.04,0.04,-0.01958
10.8786,-1.547,0.153,0.02041,-0.04,0.04,-0.02041
10.909,-1.393,0.068,0.02115,-0.04,0.04,-0.02115
10.9395,-1.316,0.051,0.02185,-0.04,0.04,-0.02185
10.9724,-1.231,-0.049,0.02251,-0.04,0.04,-0.02251
11.0025,-1.092,-0.193,0.02309,-0.04,0.04,-0.02309
11.0346,-0.953,-0.309,0.0236,-0.04,0.04,-0.0236
11.0657,-0.85,-0.497,0.02405,-0.04,0.04,-0.02405
11.0958,-0.655,-0.689,0.02411,-0.04,0.04,-0.02411
11.1276,-0.42,-0.839,0.02375,-0.04,0.04,-0.02375
11.1582,-0.197,-0.921,0.02336,-0.04,0.04,-0.02336
11.1882,-0.041,-0.906,0.02297,-0.04,0.04,-0.02297
11.2196,0.101,-0.799,0.02263,-0.04,0.04,-0.02263
11.2499,0.153,-0.703,0.02233,-0.04,0.04,-0.02233
11.2798,0.165,-0.566,0.02209,-0.04,0.04,-0.02209
11.3105,0.164,-0.346,0.02209,-0.04,0.04,-0.02209
11.3405,0.119,-0.223,0.02209,-0.04,0.04,-0.02209
11.3705,0.069,-0.075,0.02209,-0.04,0.04,-0.02209
11.4006,0.045,0.12,0.02209,-0.04,0.04,-0.02209
11.4338,-0.001,0.337,0.02209,-0.04,0.04,-0.02209
11.464,-0.055,0.49,0.02209,-0.04,0.04,-0.02209
11.4946,-0.119,0.645,0.02236,-0.03972,0.03972,-0.02236
11.5272,-0.209,0.854,0.02273,-0.03936,0.03936,-0.02273
11.5575,-0.316,1.017,0.02316,-0.03893,0.03893,-0.02316
11.5878,-0.403,1.15,0.02365,-0.03844,0.03844,-0.02365
11.6203,-0.426,1.369,0.02424,-0.03785,0.03785,-0.02424
11.6504,-0.459,1.616,0.02493,-0.03716,0.03716,-0.02493
11.6812,-0.473,1.804,0.0257,-0.03639,0.03639,-0.0257
11.7115,-0.427,1.918,0.02651,-0.03557,0.03557,-0.02651
11.7416,-0.32,1.813,0.02729,-0.0348,0.0348,-0.02729
11.7716,-0.123,1.977,0.02813,-0.03396,0.03396,-0.02813
11.8038,0.114,1.885,0.02894,-0.03315,0.03315,-0.02894
11.8338,0.349,1.985,0.02978,-0.03231,0.03231,-0.02978
11.8637,0.47,1.91,0.0306,-0.03149,0.03149,-0.0306
11.8952,0.663,1.769,0.031,-0.03038,0.03038,-0.031
11.9254,0.767,1.521,0.03124,-0.02932,0.02932,-0.03124
11.9555,0.904,1.249,0.03129,-0.02831,0.02831,-0.03129
11.9861,1.004,1.205,0.03127,-0.02726,0.02726,-0.03127
12.0174,0.982,1.065,0.0312,-0.02628,0.02628,-0.0312
12.0475,0.929,0.819,0.03105,-0.02544,0.02544,-0.03105
12.0787,0.863,0.393,0.03059,-0.02498,0.02498,-0.03059
12.109,0.845,0.133,0.03014,-0.02453,0.02453,-0.03014
12.1408,0.807,0.016,0.02971,-0.0241,0.0241,-0.02971
12.1732,0.72,-0.043,0.02933,-0.02371,0.02371,-0.02933
12.2033,0.578,0.01,0.02902,-0.0234,0.0234,-0.02902
12.2333,0.405,-0.043,0.02902,-0.0234,0.0234,-0.02902
12.2646,0.194,0.047,0.02902,-0.0234,0.0234,-0.02902
12.2947,0.082,0.088,0.02902,-0.0234,0.0234,-0.02902
12.3275,0.006,0.179,0.02902,-0.0234,0.0234,-0.02902
12.3603,-0.071,0.225,0.02902,-0.0234,0.0234,-0.02902
12.3907,-0.124,0.25,0.02902,-0.0234,0.0234,-0.02902
12.4211,-0.127,0.207,0.02902,-0.0234,0.0234,-0.02902
12.4537,-0.069,0.126,0.02902,-0.0234,0.0234,-0.02902
12.4838,0.024,0.088,0.02902,-0.0234,0.0234,-0.02902
12.5147,0.089,0.101,0.02902,-0.0234,0.0234,-0.02902
12.5469,0.117,0.093,0.02902,-0.0234,0.0234,-0.02902
12.5771,0.143,0.127,0.02902,-0.0234,0.0234,-0.02902
12.607,0.164,0.175,0.02902,-0.0234,0.0234,-0.02902
12.6392,0.171,0.247,0.02902,-0.0234,0.0234,-0.02902
12.6692,0.199,0.348,0.02902,-0.0234,0.0234,-0.02902
12.6993,0.247,0.432,0.02902,-0.0234,0.0234,-0.02902
12.7322,0.302,0.506,0.02923,-0.02319,0.02319,-0.02923
12.7623,0.385,0.598,0.02949,-0.02293,0.02293,-0.02949
12.7922,0.477,0.683,0.02978,-0.02264,0.02264,-0.02978
12.8229,0.594,0.76,0.02979,-0.022,0.022,-0.02979
12.8537,0.746,0.839,0.02975,-0.02124,0.02124,-0.02975
12.8838,0.863,0.92,0.02968,-0.02039,0.02039,-0.02968
12.916,0.914,0.96,0.0296,-0.01949,0.01949,-0.0296
12.946,1.01,0.995,0.02949,-0.01853,0.01853,-0.02949
12.9784,1.045,1.046,0.02938,-0.01753,0.01753,-0.02938
13.0108,1.136,0.978,0.02919,-0.0165,0.0165,-0.02919
13.0414,1.148,1.082,0.02904,-0.01543,0.01543,-0.02904
13.0714,1.01,1.186,0.02901,-0.01439,0.01439,-0.02901
13.1046,1.007,1.134,0.02895,-0.01337,0.01337,-0.02895
13.1349,0.995,1.121,0.0289,-0.01236,0.01236,-0.0289
13.165,1.024,1.134,0.02884,-0.01133,0.01133,-0.02884
13.1976,0.945,1.163,0.02883,-0.01033,0.01033,-0.02883
13.2276,0.861,1.381,0.02896,-0.00928,0.00928,-0.02896
13.2576,0.942,1.244,0.02899,-0.00824,0.00824,-0.02899
13.2884,0.955,1.135,0.02896,-0.00725,0.00725,-0.02896
13.3187,0.843,0.991,0.02894,-0.00638,0.00638,-0.02894
13.3487,0.825,0.852,0.02886,-0.00557,0.00557,-0.02886
13.3812,0.83,0.703,0.02872,-0.00483,0.00483,-0.02872
13.4115,0.873,0.595,0.02851,-0.00411,0.00411,-0.02851
13.4417,0.924,0.479,0.02801,-0.00362,0.00362,-0.02801
13.4742,0.924,0.371,0.02752,-0.00313,0.00313,-0.02752
13.5044,0.842,0.207,0.02707,-0.00268,0.00268,-0.02707
13.5344,0.686,0.155,0.0267,-0.00231,0.00231,-0.0267
13.5669,0.566,0.048,0.0264,-0.00201,0.00201,-0.0264
13.597,0.589,0.006,0.02609,-0.0017,0.0017,-0.02609
13.6271,0.566,0.071,0.02579,-0.00139,0.00139,-0.02579
13.6594,0.516,0.109,0.02551,-0.00112,0.00112,-0.02551
13.6898,0.48,0.181,0.02551,-0.00112,0.00112,-0.02551
13.7205,0.477,0.209,0.02551,-0.00112,0.00112,-0.02551
13.7529,0.527,0.229,0.02523,-0.00084,0.00084,-0.02523
13.7832,0.574,0.277,0.02492,-0.00053,0.00053,-0.02492
13.8136,0.664,0.282,0.02457,-0.00018,0.00018,-0.02457
13.8447,0.735,0.284,0.02418,0.00021,-0.00021,-0.02418
13.875,0.809,0.31,0.02375,0.00065,-0.00065,-0.02375
13.9056,0.851,0.285,0.02329,0.0011,-0.0011,-0.02329
13.9362,0.975,0.272,0.02277,0.00162,-0.00162,-0.02277
13.9673,1.039,0.294,0.02222,0.00217,-0.00217,-0.02222
13.9977,1.107,0.312,0.02163,0.00276,-0.00276,-0.02163
14.0303,1.14,0.403,0.02102,0.00337,-0.00337,-0.02102
14.0616,1.174,0.412,0.02039,0.004,-0.004,-0.02039
14.0919,1.285,0.462,0.01971,0.00468,-0.00468,-0.01971
14.1236,1.311,0.545,0.01924,0.00562,-0.00562,-0.01924
14.154,1.264,0.59,0.01882,0.00654,-0.00654,-0.01882
14.1843,1.173,0.785,0.01853,0.0075,-0.0075,-0.01853
14.2152,1.048,0.824,0.01832,0.00841,-0.00841,-0.01832
14.2455,1.0,0.789,0.01813,0.00928,-0.00928,-0.01813
14.2757,0.896,0.894,0.01803,0.01014,-0.01014,-0.01803
14.3069,0.682,1.076,0.01812,0.01097,-0.01097,-0.01812
14.3398,0.524,1.103,0.01832,0.01172,-0.01172,-0.01832
14.3702,0.448,1.107,0.01879,0.01219,-0.01219,-0.01879
14.4024,0.354,0.987,0.01921,0.01261,-0.01261,-0.01921
14.4327,0.242,0.953,0.01962,0.01302,-0.01302,-0.01962
14.4631,0.194,0.946,0.02002,0.01342,-0.01342,-0.02002
14.4941,0.174,0.841,0.02038,0.01378,-0.01378,-0.02038
14.5257,0.174,0.726,0.02069,0.01409,-0.01409,-0.02069
14.5563,0.235,0.638,0.02096,0.01436,-0.01436,-0.02096
14.5873,0.343,0.479,0.02096,0.01436,-0.01436,-0.02096
14.6175,0.563,0.285,0.02066,0.01466,-0.01466,-0.02066
14.6476,0.678,0.119,0.0203,0.01502,-0.01502,-0.0203
14.6788,0.69,0.049,0.01993,0.01539,-0.01539,-0.01993
14.7092,0.767,-0.104,0.01952,0.0158,-0.0158,-0.01952
14.7393,0.95,-0.221,0.01901,0.01631,-0.01631,-0.01901
14.7697,1.125,-0.403,0.01841,0.01691,-0.01691,-0.01841
14.8006,1.285,-0.473,0.01773,0.01759,-0.01759,-0.01773
14.8336,1.3,-0.498,0.01703,0.01829,-0.01829,-0.01703
14.8649,1.309,-0.565,0.0161,0.01874,-0.01874,-0.0161
14.8976,1.333,-0.761,0.01506,0.01913,-0.01913,-0.01506
14.9279,1.382,-0.979,0.01391,0.01945,-0.01945,-0.01391
14.9604,1.322,-0.993,0.01278,0.01973,-0.01973,-0.01278
14.9908,1.347,-1.116,0.01158,0.01997,-0.01997,-0.01158
15.021,1.378,-1.165,0.01035,0.02021,-0.02021,-0.01035
15.0522,1.255,-1.176,0.00918,0.02038,-0.02038,-0.00918
15.0825,1.194,-1.169,0.00804,0.02052,-0.02052,-0.00804
15.1129,1.228,-1.166,0.00689,0.02067,-0.02067,-0.00689
15.1438,1.186,-1.163,0.00576,0.02081,-0.02081,-0.00576
15.1766,1.092,-1.126,0.0047,0.02091,-0.02091,-0.0047
15.2068,0.926,-1.093,0.00374,0.02094,-0.02094,-0.00374
15.2381,0.852,-0.968,0.00287,0.02098,-0.02098,-0.00287
15.2685,0.74,-0.878,0.0021,0.021,-0.021,-0.0021
15.2988,0.716,-0.756,0.0014,0.02106,-0.02106,-0.0014
15.3312,0.735,-0.608,0.00075,0.02119,-0.02119,-0.00075
15.3614,0.724,-0.452,0.00036,0.02158,-0.02158,-0.00036
15.3915,0.659,-0.356,1e-05,0.02193,-0.02193,-1e-05
15.4235,0.579,-0.335,-0.0003,0.02224,-0.02224,0.0003
15.4537,0.561,-0.337,-0.0006,0.02254,-0.02254,0.0006
15.4868,0.577,-0.257,-0.00091,0.02285,-0.02285,0.00091
15.5199,0.541,-0.266,-0.00119,0.02313,-0.02313,0.00119
15.5502,0.509,-0.389,-0.00147,0.02341,-0.02341,0.00147
15.5806,0.494,-0.54,-0.0017,0.02318,-0.02318,0.0017
15.6136,0.483,-0.717,-0.002,0.02287,-0.02287,0.002
15.6438,0.46,-0.727,-0.00231,0.02256,-0.02256,0.00231
15.6748,0.444,-0.797,-0.00265,0.02222,-0.02222,0.00265
15.7074,0.396,-0.901,-0.00304,0.02183,-0.02183,0.00304
15.7375,0.419,-0.944,-0.00344,0.02143,-0.02143,0.00344
15.768,0.517,-1.043,-0.00416,0.02126,-0.02126,0.00416
15.7989,0.635,-1.013,-0.00493,0.02117,-0.02117,0.00493
15.829,0.675,-1.041,-0.00574,0.02108,-0.02108,0.00574
15.859,0.751,-1.046,-0.00658,0.02104,-0.02104,0.00658
15.8908,0.871,-1.082,-0.00751,0.02104,-0.02104,0.00751
15.9209,0.943,-1.109,-0.00848,0.02107,-0.02107,0.00848
15.9507,0.931,-1.01,-0.00941,0.02114,-0.02114,0.00941
15.9822,1.038,-0.979,-0.01038,0.02127,-0.02127,0.01038
16.0126,0.968,-1.04,-0.01134,0.02135,-0.02135,0.01134
16.0426,0.913,-1.081,-0.01229,0.02137,-0.02137,0.01229
16.0751,0.857,-1.073,-0.01321,0.02137,-0.02137,0.01321
16.1053,0.751,-1.179,-0.01411,0.02127,-0.02127,0.01411
16.1355,0.569,-1.268,-0.01495,0.02103,-0.02103,0.01495
16.1671,0.377,-1.309,-0.01551,0.02047,-0.02047,0.01551
16.2,0.243,-1.412,-0.01611,0.01987,-0.01987,0.01611
16.23,0.081,-1.462,-0.01674,0.01925,-0.01925,0.01674
16.2628,-0.108,-1.502,-0.01738,0.01861,-0.01861,0.01738
16.2928,-0.223,-1.491,-0.01802,0.01797,-0.01797,0.01802
16.3228,-0.189,-1.441,-0.01863,0.01735,-0.01735,0.01863
16.3544,-0.238,-1.463,-0.01926,0.01673,-0.01673,0.01926
16.3847,-0.261,-1.466,-0.01988,0.0161,-0.0161,0.01988
16.4147,-0.166,-1.439,-0.02049,0.01549,-0.01549,0.02049
16.4465,-0.114,-1.344,-0.02107,0.01492,-0.01492,0.02107
16.4766,-0.077,-1.32,-0.02163,0.01435,-0.01435,0.02163
16.5066,0.013,-1.239,-0.02216,0.01383,-0.01383,0.02216
16.5371,0.179,-1.238,-0.02269,0.0133,-0.0133,0.02269
16.5703,0.345,-1.243,-0.02322,0.01277,-0.01277,0.02322
16.6004,0.41,-1.228,-0.02374,0.01224,-0.01224,0.02374
16.6311,0.573,-1.276,-0.02459,0.012,-0.012,0.02459
16.6618,0.662,-1.254,-0.02548,0.01182,-0.01182,0.02548
16.6918,0.808,-1.371,-0.0265,0.01167,-0.01167,0.0265
16.7237,0.97,-1.425,-0.02762,0.01158,-0.01158,0.02762
16.7537,0.984,-1.555,-0.02881,0.01144,-0.01144,0.02881
16.7863,1.052,-1.544,-0.03003,0.01134,-0.01134,0.03003
16.8173,1.165,-1.286,-0.0312,0.01141,-0.01141,0.0312
16.8475,1.133,-1.121,-0.03228,0.01154,-0.01154,0.03228
16.8777,0.999,-1.079,-0.03328,0.01161,-0.01161,0.03328
16.9095,0.782,-0.945,-0.0341,0.01163,-0.01163,0.0341
16.9395,0.61,-0.729,-0.03473,0.01164,-0.01164,0.03473
16.97,0.429,-0.47,-0.03473,0.01164,-0.01164,0.03473
17.0013,0.247,-0.194,-0.03473,0.01164,-0.01164,0.03473
17.0313,0.092,-0.058,-0.03473,0.01164,-0.01164,0.03473
17.0616,-0.098,0.069,-0.03473,0.01164,-0.01164,0.03473
17.0921,-0.273,0.083,-0.03473,0.01164,-0.01164,0.03473
17.1241,-0.337,0.11,-0.03473,0.01164,-0.01164,0.03473
17.1541,-0.344,0.053,-0.03473,0.01164,-0.01164,0.03473
17.1848,-0.311,-0.035,-0.03473,0.01164,-0.01164,0.03473
17.2176,-0.269,-0.035,-0.03473,0.01164,-0.01164,0.03473
17.2475,-0.322,-0.05,-0.03473,0.01164,-0.01164,0.03473
17.2783,-0.407,-0.103,-0.03473,0.01164,-0.01164,0.03473
17.3084,-0.406,-0.135,-0.03473,0.01164,-0.01164,0.03473
17.3384,-0.38,-0.158,-0.03473,0.01164,-0.01164,0.03473
17.3685,-0.39,-0.164,-0.03473,0.01164,-0.01164,0.03473
17.4013,-0.44,-0.151,-0.03473,0.01164,-0.01164,0.03473
17.4312,-0.476,-0.16,-0.03473,0.01164,-0.01164,0.03473
17.4612,-0.485,-0.193,-0.03473,0.01164,-0.01164,0.03473
17.492,-0.49,-0.207,-0.03473,0.01164,-0.01164,0.03473
17.5222,-0.525,-0.213,-0.03445,0.01136,-0.01136,0.03445
17.5523,-0.575,-0.216,-0.03415,0.01105,-0.01105,0.03415
17.583,-0.624,-0.245,-0.03381,0.01072,-0.01072,0.03381
17.6142,-0.797,-0.219,-0.03339,0.0103,-0.0103,0.03339
17.6447,-0.968,-0.302,-0.03287,0.00978,-0.00978,0.03287
17.6775,-1.24,-0.376,-0.03221,0.00912,-0.00912,0.03221
17.7079,-1.542,-0.308,-0.03139,0.0083,-0.0083,0.03139
17.7381,-1.746,-0.325,-0.03046,0.00737,-0.00737,0.03046
17.7692,-1.891,-0.402,-0.02945,0.00636,-0.00636,0.02945
17.7997,-1.958,-0.376,-0.0284,0.00531,-0.00531,0.0284
17.8299,-1.766,-0.355,-0.02746,0.00437,-0.00437,0.02746
17.8623,-1.494,-0.302,-0.02666,0.00357,-0.00357,0.02666
17.8926,-1.275,-0.207,-0.02598,0.00289,-0.00289,0.02598
17.9233,-0.973,-0.315,-0.02547,0.00238,-0.00238,0.02547
17.9557,-0.8,-0.151,-0.02504,0.00195,-0.00195,0.02504
17.9859,-0.604,-0.024,-0.02472,0.00163,-0.00163,0.02472
18.0161,-0.249,-0.038,-0.02472,0.00163,-0.00163,0.02472
18.0471,0.203,-0.031,-0.02472,0.00163,-0.00163,0.02472
18.0777,0.674,-0.029,-0.02508,0.00199,-0.00199,0.02508
18.1083,1.151,-0.043,-0.02569,0.0026,-0.0026,0.02569
18.1392,1.705,0.188,-0.0266,0.00351,-0.00351,0.0266
18.1723,1.969,0.275,-0.02765,0.00456,-0.00456,0.02765
18.2025,2.052,0.302,-0.02874,0.00565,-0.00565,0.02874
18.234,2.204,0.419,-0.02992,0.00683,-0.00683,0.02992
18.2644,2.287,0.52,-0.03092,0.00827,-0.00827,0.03092
18.2947,2.187,0.588,-0.03183,0.00969,-0.00969,0.03183
18.3274,2.029,0.56,-0.03268,0.01101,-0.01101,0.03268
18.3577,1.806,0.482,-0.03364,0.01197,-0.01197,0.03364
18.3879,1.468,0.474,-0.03442,0.01276,-0.01276,0.03442
18.4191,0.974,0.52,-0.03472,0.0135,-0.0135,0.03472
18.4525,0.484,0.527,-0.0345,0.01372,-0.01372,0.0345
18.4829,0.174,0.445,-0.0345,0.01372,-0.01372,0.0345
18.5161,-0.063,0.43,-0.0345,0.01372,-0.01372,0.0345
18.5468,-0.372,0.384,-0.0345,0.01372,-0.01372,0.0345
18.5773,-0.668,0.309,-0.03414,0.01337,-0.01337,0.03414
18.6103,-0.861,0.211,-0.03368,0.01291,-0.01291,0.03368
18.6409,-0.921,0.119,-0.03319,0.01241,-0.01241,0.03319
18.6716,-0.942,0.015,-0.03269,0.01191,-0.01191,0.03269
18.7044,-0.986,-0.013,-0.03216,0.01139,-0.01139,0.03216
18.7345,-0.966,-0.05,-0.03165,0.01087,-0.01087,0.03165
18.7657,-0.957,-0.065,-0.03113,0.01036,-0.01036,0.03113
18.796,-0.943,-0.096,-0.03063,0.00986,-0.00986,0.03063
18.829,-0.835,-0.14,-0.03019,0.00941,-0.00941,0.03019
18.8614,-0.686,-0.189,-0.02982,0.00905,-0.00905,0.02982
18.8918,-0.729,-0.227,-0.02943,0.00866,-0.00866,0.02943
18.9222,-0.781,-0.285,-0.02902,0.00824,-0.00824,0.02902
18.9547,-0.811,-0.31,-0.02858,0.00781,-0.00781,0.02858
18.9851,-0.909,-0.4,-0.0281,0.00732,-0.00732,0.0281
19.0151,-0.887,-0.611,-0.02789,0.00659,-0.00659,0.02789
19.0476,-0.857,-0.545,-0.02766,0.0059,-0.0059,0.02766
19.0785,-0.889,-0.411,-0.02719,0.00543,-0.00543,0.02719
19.1089,-0.919,-0.297,-0.0267,0.00494,-0.00494,0.0267
19.141,-1.018,-0.09,-0.02615,0.00439,-0.00439,0.02615
19.1714,-1.116,0.047,-0.02556,0.0038,-0.0038,0.02556
19.2016,-1.111,0.204,-0.02497,0.00321,-0.00321,0.02497
19.2326,-1.155,0.318,-0.02435,0.00259,-0.00259,0.02435
19.263,-1.219,0.46,-0.0237,0.00194,-0.00194,0.0237
19.2933,-1.273,0.648,-0.02274,0.00154,-0.00154,0.02274
19.326,-1.316,0.852,-0.02168,0.0012,-0.0012,0.02168
19.3561,-1.344,1.033,-0.02052,0.00092,-0.00092,0.02052
19.3863,-1.308,1.052,-0.01937,0.00067,-0.00067,0.01937
19.4173,-1.258,1.081,-0.01824,0.00046,-0.00046,0.01824
19.4492,-1.22,1.059,-0.01714,0.00027,-0.00027,0.01714
19.4793,-1.345,1.149,-0.01593,4e-05,-4e-05,0.01593
19.5116,-1.5,1.203,-0.01462,-0.00025,0.00025,0.01462
19.5417,-1.616,1.219,-0.01324,-0.00059,0.00059,0.01324
19.5717,-1.669,1.17,-0.01185,-0.00098,0.00098,0.01185
19.6037,-1.679,1.052,-0.0105,-0.00143,0.00143,0.0105
19.6338,-1.667,1.14,-0.00913,-0.00183,0.00183,0.00913
19.6641,-1.682,1.182,-0.00773,-0.00222,0.00222,0.00773
19.6954,-1.688,1.111,-0.00635,-0.00265,0.00265,0.00635
19.7258,-1.743,1.008,-0.00499,-0.00315,0.00315,0.00499
19.7562,-1.728,0.957,-0.00366,-0.00366,0.00366,0.00366
19.7871,-1.581,0.869,-0.00245,-0.00413,0.00413,0.00245
19.8176,-1.448,0.714,-0.00137,-0.0046,0.0046,0.00137
19.8478,-1.356,0.631,-0.00038,-0.00506,0.00506,0.00038
19.8788,-1.294,0.624,0.00058,-0.00548,0.00548,-0.00058
19.909,-1.176,0.468,0.0012,-0.00611,0.00611,-0.0012
19.94,-1.09,0.35,0.00178,-0.00669,0.00669,-0.00178
19.9702,-0.968,0.272,0.0023,-0.0072,0.0072,-0.0023
20.0032,-0.843,0.223,0.00275,-0.00765,0.00765,-0.00275
20.0333,-0.698,0.107,0.00312,-0.00803,0.00803,-0.00312
20.0637,-0.591,0.122,0.00344,-0.00834,0.00834,-0.00344
20.0966,-0.472,0.055,0.00344,-0.00834,0.00834,-0.00344
20.1266,-0.359,0.069,0.00344,-0.00834,0.00834,-0.00344
20.1575,-0.315,0.048,0.00344,-0.00834,0.00834,-0.00344
20.1877,-0.294,0.062,0.00344,-0.00834,0.00834,-0.00344
20.2178,-0.338,0.08,0.00344,-0.00834,0.00834,-0.00344
20.2485,-0.432,0.097,0.00344,-0.00834,0.00834,-0.00344
20.2815,-0.522,0.118,0.00372,-0.00862,0.00862,-0.00372
20.3116,-0.668,0.161,0.00407,-0.00898,0.00898,-0.00407
20.3419,-0.886,0.188,0.00455,-0.00945,0.00945,-0.00455
20.3747,-1.116,0.153,0.00514,-0.01004,0.01004,-0.00514
20.4048,-1.383,0.233,0.00588,-0.01078,0.01078,-0.00588
20.4353,-1.514,0.298,0.00669,-0.01159,0.01159,-0.00669
20.4684,-1.617,0.474,0.00755,-0.01245,0.01245,-0.00755
20.4988,-1.704,0.499,0.00846,-0.01336,0.01336,-0.00846
20.5299,-1.784,0.525,0.00963,-0.01409,0.01409,-0.00963
20.5601,-1.861,0.58,0.01087,-0.01483,0.01483,-0.01087
20.5903,-1.953,0.702,0.01221,-0.01558,0.01558,-0.01221
20.6217,-1.987,0.598,0.01353,-0.01638,0.01638,-0.01353
20.6519,-1.869,0.609,0.01479,-0.01712,0.01712,-0.01479
20.682,-1.677,0.562,0.01592,-0.01777,0.01777,-0.01592
20.712,-1.437,0.496,0.01669,-0.01854,0.01854,-0.01669
20.7428,-1.322,0.384,0.01739,-0.01924,0.01924,-0.01739
20.7728,-1.087,0.223,0.01797,-0.01982,0.01982,-0.01797
20.8026,-0.794,0.19,0.01839,-0.02025,0.02025,-0.01839
20.8343,-0.547,0.188,0.01869,-0.02054,0.02054,-0.01869
20.8645,-0.251,0.17,0.01869,-0.02054,0.02054,-0.01869
20.8944,-0.077,0.21,0.01869,-0.02054,0.02054,-0.01869
20.9263,0.084,0.11,0.01869,-0.02054,0.02054,-0.01869
20.9575,0.295,-0.006,0.01869,-0.02054,0.02054,-0.01869
20.9875,0.376,-0.066,0.01869,-0.02054,0.02054,-0.01869
21.0193,0.382,-0.128,0.01869,-0.02054,0.02054,-0.01869
21.0494,0.425,-0.182,0.01869,-0.02054,0.02054,-0.01869
21.0796,0.452,-0.209,0.01869,-0.02054,0.02054,-0.01869
21.1111,0.426,-0.204,0.01869,-0.02054,0.02054,-0.01869
21.1415,0.39,-0.184,0.01869,-0.02054,0.02054,-0.01869
21.1743,0.351,-0.183,0.01869,-0.02054,0.02054,-0.01869
21.2068,0.274,-0.205,0.01869,-0.02054,0.02054,-0.01869
21.2368,0.169,-0.231,0.01869,-0.02054,0.02054,-0.01869
21.2673,0.071,-0.262,0.01869,-0.02054,0.02054,-0.01869
21.3,-0.04,-0.315,0.01869,-0.02054,0.02054,-0.01869
21.3304,-0.162,-0.367,0.01869,-0.02054,0.02054,-0.01869
21.3604,-0.269,-0.409,0.01869,-0.02054,0.02054,-0.01869
21.3914,-0.346,-0.459,0.01869,-0.02054,0.02054,-0.01869
21.4223,-0.473,-0.512,0.01847,-0.02076,0.02076,-0.01847
21.4524,-0.605,-0.535,0.01856,-0.02131,0.02131,-0.01856
21.4846,-0.767,-0.549,0.01874,-0.02195,0.02195,-0.01874
21.5153,-0.927,-0.597,0.01898,-0.0227,0.0227,-0.01898
21.5454,-1.082,-0.522,0.01933,-0.0235,0.0235,-0.01933
21.5775,-1.204,-0.465,0.01997,-0.02414,0.02414,-0.01997
21.6075,-1.296,-0.404,0.02066,-0.02483,0.02483,-0.02066
21.64,-1.294,-0.303,0.02135,-0.02552,0.02552,-0.02135
21.673,-1.397,-0.424,0.0221,-0.02627,0.02627,-0.0221
21.7031,-1.391,-0.363,0.02284,-0.02701,0.02701,-0.02284
21.7331,-1.296,-0.448,0.02353,-0.0277,0.0277,-0.02353
21.7638,-1.242,-0.339,0.02419,-0.02836,0.02836,-0.02419
21.7942,-1.138,-0.461,0.0248,-0.02897,0.02897,-0.0248
21.8242,-1.055,-0.492,0.02536,-0.02953,0.02953,-0.02536
21.856,-0.989,-0.463,0.02589,-0.03006,0.03006,-0.02589
21.886,-0.95,-0.551,0.02616,-0.0308,0.0308,-0.02616
21.9161,-0.851,-0.578,0.02637,-0.0315,0.0315,-0.02637
21.947,-0.867,-0.506,0.02662,-0.03218,0.03218,-0.02662
21.9771,-0.879,-0.433,0.02709,-0.03265,0.03265,-0.02709
22.0072,-0.796,-0.383,0.02751,-0.03308,0.03308,-0.02751
22.0372,-0.684,-0.358,0.02788,-0.03344,0.03344,-0.02788
22.0702,-0.599,-0.323,0.02819,-0.03376,0.03376,-0.02819
22.1004,-0.538,-0.273,0.02848,-0.03405,0.03405,-0.02848
22.1311,-0.515,-0.244,0.02876,-0.03432,0.03432,-0.02876
22.1638,-0.467,-0.123,0.02876,-0.03432,0.03432,-0.02876
22.1938,-0.349,-0.133,0.02876,-0.03432,0.03432,-0.02876
22.2242,-0.29,-0.085,0.02876,-0.03432,0.03432,-0.02876
22.2564,-0.203,-0.071,0.02876,-0.03432,0.03432,-0.02876
22.2863,-0.147,-0.018,0.02876,-0.03432,0.03432,-0.02876
22.3168,-0.167,-0.018,0.02876,-0.03432,0.03432,-0.02876
22.3495,-0.149,0.017,0.02876,-0.03432,0.03432,-0.02876
22.3811,-0.126,0.037,0.02876,-0.03432,0.03432,-0.02876
22.4139,-0.132,0.076,0.02876,-0.03432,0.03432,-0.02876
22.4439,-0.148,0.108,0.02876,-0.03432,0.03432,-0.02876
22.4739,-0.208,0.147,0.02876,-0.03432,0.03432,-0.02876
22.5059,-0.276,0.195,0.02876,-0.03432,0.03432,-0.02876
22.5365,-0.321,0.263,0.02876,-0.03432,0.03432,-0.02876
22.5669,-0.357,0.31,0.02876,-0.03432,0.03432,-0.02876
22.5988,-0.356,0.33,0.02876,-0.03432,0.03432,-0.02876
22.6295,-0.288,0.332,0.02876,-0.03432,0.03432,-0.02876
22.6599,-0.184,0.296,0.02876,-0.03432,0.03432,-0.02876
22.6908,-0.045,0.235,0.02876,-0.03432,0.03432,-0.02876
22.7211,0.124,0.148,0.02876,-0.03432,0.03432,-0.02876
22.754,0.286,0.037,0.02876,-0.03432,0.03432,-0.02876
22.7848,0.423,-0.092,0.02876,-0.03432,0.03432,-0.02876
22.8151,0.575,-0.223,0.02845,-0.03401,0.03401,-0.02845
22.8455,0.73,-0.361,0.02806,-0.03363,0.03363,-0.02806
22.8777,0.848,-0.481,0.02761,-0.03317,0.03317,-0.02761
22.9082,0.933,-0.683,0.02682,-0.03297,0.03297,-0.02682
22.9385,1.126,-0.834,0.02586,-0.03272,0.03272,-0.02586
22.9707,1.273,-0.951,0.02478,-0.03245,0.03245,-0.02478
23.0013,1.341,-1.009,0.02363,-0.03216,0.03216,-0.02363
23.0315,1.33,-1.019,0.02249,-0.03189,0.03189,-0.02249
23.0652,1.332,-1.097,0.02131,-0.03165,0.03165,-0.02131
23.1,1.218,-1.088,0.0202,-0.03146,0.03146,-0.0202
23.1338,1.162,-1.006,0.01915,-0.03127,0.03127,-0.01915
23.1675,1.103,-0.963,0.01815,-0.03109,0.03109,-0.01815
23.2009,0.975,-0.999,0.0172,-0.031,0.031,-0.0172
23.2344,0.722,-0.984,0.0164,-0.03104,0.03104,-0.0164
23.2677,0.536,-0.948,0.01571,-0.03115,0.03115,-0.01571
23.3015,0.393,-0.9,0.01532,-0.03154,0.03154,-0.01532
23.3349,0.183,-0.903,0.01494,-0.03192,0.03192,-0.01494
23.3686,-0.035,-0.858,0.01457,-0.03229,0.03229,-0.01457
23.4019,-0.172,-0.966,0.01416,-0.0327,0.0327,-0.01416
23.4355,-0.24,-1.07,0.0137,-0.03316,0.03316,-0.0137
23.4689,-0.357,-1.207,0.01319,-0.03367,0.03367,-0.01319
23.5025,-0.434,-1.324,0.01262,-0.03424,0.03424,-0.01262
23.5362,-0.461,-1.397,0.01203,-0.03483,0.03483,-0.01203
23.5696,-0.427,-1.439,0.01141,-0.03545,0.03545,-0.01141
23.603,-0.354,-1.558,0.01075,-0.03611,0.03611,-0.01075
23.6365,-0.304,-1.62,0.01006,-0.0368,0.0368,-0.01006
23.67,-0.262,-1.695,0.00933,-0.03753,0.03753,-0.00933
23.7034,-0.067,-1.775,0.00858,-0.03828,0.03828,-0.00858
23.7369,0.185,-1.744,0.00783,-0.03903,0.03903,-0.00783
23.7713,0.407,-1.78,0.00707,-0.03979,0.03979,-0.00707
23.8048,0.692,-1.816,0.00593,-0.04,0.04,-0.00593
23.8383,0.948,-1.903,0.00461,-0.04,0.04,-0.00461
23.8715,1.244,-2.004,0.00309,-0.04,0.04,-0.00309
23.9051,1.495,-2.079,0.00141,-0.04,0.04,-0.00141
23.9385,1.71,-2.064,-0.00038,-0.03997,0.03997,0.00038
23.9719,1.878,-2.006,-0.00224,-0.03982,0.03982,0.00224
24.0055,2.005,-2.114,-0.00421,-0.03966,0.03966,0.00421
24.0391,2.027,-2.083,-0.00618,-0.03946,0.03946,0.00618
24.0729,2.104,-2.033,-0.00817,-0.03921,0.03921,0.00817
24.1069,2.171,-1.865,-0.01013,-0.03885,0.03885,0.01013
24.1407,2.207,-1.813,-0.01208,-0.03844,0.03844,0.01208
24.1744,2.11,-1.589,-0.01388,-0.038,0.038,0.01388
24.2079,1.948,-1.377,-0.01551,-0.03754,0.03754,0.01551
24.2416,1.806,-1.066,-0.01693,-0.03704,0.03704,0.01693
24.2752,1.614,-0.881,-0.01816,-0.03655,0.03655,0.01816
24.3087,1.422,-0.587,-0.01917,-0.03604,0.03604,0.01917
24.3424,1.148,-0.377,-0.01978,-0.03543,0.03543,0.01978
24.3757,0.836,-0.139,-0.02023,-0.03498,0.03498,0.02023
24.4092,0.522,-0.049,-0.02051,-0.03471,0.03471,0.02051
24.4428,0.227,-0.001,-0.02051,-0.03471,0.03471,0.02051
24.4762,0.039,0.073,-0.02051,-0.03471,0.03471,0.02051
24.51,-0.139,0.065,-0.02051,-0.03471,0.03471,0.02051
24.5435,-0.298,-0.018,-0.02051,-0.03471,0.03471,0.02051
24.5769,-0.338,-0.077,-0.02051,-0.03471,0.03471,0.02051
24.6102,-0.315,-0.182,-0.02051,-0.03471,0.03471,0.02051
24.6438,-0.246,-0.291,-0.02051,-0.03471,0.03471,0.02051
24.677,-0.209,-0.428,-0.02051,-0.03471,0.03471,0.02051
24.7107,-0.166,-0.572,-0.02075,-0.03495,0.03495,0.02075
24.7445,-0.041,-0.739,-0.02107,-0.03526,0.03526,0.02107
24.7758,0.075,-0.883,-0.02144,-0.03564,0.03564,0.02144
24.8088,0.182,-1.025,-0.02188,-0.03608,0.03608,0.02188
24.839,0.346,-1.254,-0.02242,-0.03661,0.03661,0.02242
24.8699,0.491,-1.398,-0.02301,-0.03721,0.03721,0.02301
24.9029,0.631,-1.611,-0.02404,-0.03756,0.03756,0.02404
24.9337,0.683,-1.792,-0.02516,-0.03796,0.03796,0.02516
24.9645,0.648,-1.808,-0.02628,-0.03839,0.03839,0.02628
24.9978,0.585,-2.026,-0.02746,-0.03894,0.03894,0.02746
25.0282,0.528,-2.05,-0.02861,-0.03953,0.03953,0.02861
25.0606,0.412,-1.909,-0.02943,-0.04,0.04,0.02943
25.0912,0.374,-1.822,-0.03021,-0.04,0.04,0.03021
25.1217,0.319,-1.768,-0.03096,-0.04,0.04,0.03096
25.1542,0.341,-1.639,-0.03166,-0.04,0.04,0.03166
25.1847,0.248,-1.397,-0.03226,-0.04,0.04,0.03226
25.215,0.131,-1.115,-0.03273,-0.04,0.04,0.03273
25.2475,0.031,-0.863,-0.0331,-0.04,0.04,0.0331
25.2778,-0.022,-0.676,-0.03339,-0.04,0.04,0.03339
25.3087,-0.096,-0.473,-0.03339,-0.04,0.04,0.03339
25.3406,-0.087,-0.19,-0.03339,-0.04,0.04,0.03339
25.3709,-0.167,-0.02,-0.03339,-0.04,0.04,0.03339
25.401,-0.219,0.116,-0.03339,-0.04,0.04,0.03339
25.4319,-0.148,0.303,-0.03339,-0.04,0.04,0.03339
25.4623,-0.068,0.492,-0.03339,-0.04,0.04,0.03339
25.4928,-0.047,0.572,-0.03314,-0.03976,0.03976,0.03314
25.5249,0.012,0.67,-0.03286,-0.03947,0.03947,0.03286
25.5554,0.119,0.729,-0.03255,-0.03916,0.03916,0.03255
25.5859,0.14,1.027,-0.03211,-0.03872,0.03872,0.03211
25.6183,0.113,1.198,-0.0316,-0.03821,0.03821,0.0316
25.6487,0.14,1.298,-0.03105,-0.03766,0.03766,0.03105
25.679,0.251,1.415,-0.03044,-0.03705,0.03705,0.03044
25.7118,0.382,1.555,-0.02978,-0.03639,0.03639,0.02978
25.7423,0.414,1.669,-0.02907,-0.03568,0.03568,0.02907
25.7724,0.405,1.697,-0.02834,-0.03495,0.03495,0.02834
25.8034,0.503,1.787,-0.02785,-0.03392,0.03392,0.02785
25.8343,0.578,1.829,-0.02738,-0.03283,0.03283,0.02738
25.8646,0.634,1.905,-0.0269,-0.03168,0.03168,0.0269
25.8959,0.619,1.907,-0.02642,-0.03054,0.03054,0.02642
25.9264,0.569,1.933,-0.0259,-0.02941,0.02941,0.0259
25.9569,0.519,1.972,-0.02533,-0.02829,0.02829,0.02533
25.988,0.386,1.972,-0.02449,-0.02745,0.02745,0.02449
26.0216,0.17,1.856,-0.0237,-0.02666,0.02666,0.0237
26.0522,-0.043,1.603,-0.02302,-0.02597,0.02597,0.02302
26.0855,-0.207,1.431,-0.0224,-0.02536,0.02536,0.0224
26.116,-0.262,1.376,-0.02182,-0.02478,0.02478,0.02182
26.1466,-0.359,1.387,-0.02123,-0.02419,0.02419,0.02123
26.1797,-0.521,1.346,-0.02037,-0.02389,0.02389,0.02037
26.2107,-0.653,1.404,-0.01943,-0.02364,0.02364,0.01943
26.2413,-0.764,1.456,-0.0184,-0.02342,0.02342,0.0184
26.2744,-0.88,1.515,-0.01728,-0.02325,0.02325,0.01728
26.3049,-0.835,1.514,-0.01619,-0.02305,0.02305,0.01619
26.3358,-0.708,1.529,-0.01516,-0.02277,0.02277,0.01516
26.3662,-0.623,1.598,-0.01415,-0.02242,0.02242,0.01415
26.3994,-0.506,1.691,-0.01316,-0.02197,0.02197,0.01316
26.4328,-0.344,1.963,-0.01232,-0.02113,0.02113,0.01232
26.463,-0.205,2.07,-0.01143,-0.02025,0.02025,0.01143
26.4933,-0.031,2.093,-0.01054,-0.01936,0.01936,0.01054
26.524,0.168,2.084,-0.00965,-0.01847,0.01847,0.00965
26.5545,0.389,2.084,-0.00876,-0.01758,0.01758,0.00876
26.5844,0.454,2.145,-0.00785,-0.01666,0.01666,0.00785
26.6166,0.482,2.102,-0.00695,-0.01577,0.01577,0.00695
26.6466,0.606,2.12,-0.00637,-0.01454,0.01454,0.00637
26.679,0.809,2.164,-0.00588,-0.01318,0.01318,0.00588
26.7105,0.858,2.262,-0.00537,-0.01176,0.01176,0.00537
26.7406,0.827,2.306,-0.00483,-0.01034,0.01034,0.00483
26.7704,0.746,2.359,-0.00422,-0.00893,0.00893,0.00422
26.8028,0.729,2.505,-0.00354,-0.00747,0.00747,0.00354
26.8329,0.613,2.357,-0.00286,-0.00614,0.00614,0.00286
26.863,0.454,2.423,-0.00183,-0.00511,0.00511,0.00183
26.8938,0.151,2.417,-0.0008,-0.00408,0.00408,0.0008
26.9241,-0.022,2.358,0.00021,-0.00307,0.00307,-0.00021
26.9543,-0.024,2.235,0.00116,-0.00212,0.00212,-0.00116
26.9848,-0.115,2.14,0.00208,-0.0012,0.0012,-0.00208
27.0175,-0.463,2.227,0.00303,-0.00025,0.00025,-0.00303
27.0477,-0.615,2.26,0.00432,0.00038,-0.00038,-0.00432
27.0797,-0.619,2.206,0.00559,0.00099,-0.00099,-0.00559
27.1126,-0.826,2.138,0.00694,0.00147,-0.00147,-0.00694
27.1429,-0.979,2.089,0.00836,0.00183,-0.00183,-0.00836
27.175,-1.008,2.062,0.00977,0.00218,-0.00218,-0.00977
27.2056,-0.994,2.015,0.01116,0.00251,-0.00251,-0.01116
27.2356,-0.819,1.825,0.01238,0.00285,-0.00285,-0.01238
27.2686,-0.684,1.755,0.01349,0.00323,-0.00323,-0.01349
27.2986,-0.553,1.652,0.01449,0.00364,-0.00364,-0.01449
27.3285,-0.227,1.509,0.01514,0.00429,-0.00429,-0.01514
27.3592,0.21,1.402,0.01573,0.00488,-0.00488,-0.01573
27.3919,0.535,1.406,0.01605,0.00577,-0.00577,-0.01605
27.4219,0.715,1.304,0.01622,0.00671,-0.00671,-0.01622
27.4533,0.973,1.209,0.01622,0.00774,-0.00774,-0.01622
27.4834,1.072,1.155,0.01614,0.00881,-0.00881,-0.01614
27.5136,1.259,1.051,0.01592,0.00993,-0.00993,-0.01592
27.5447,1.362,0.982,0.01561,0.01107,-0.01107,-0.01561
27.5749,1.287,1.075,0.01538,0.01222,-0.01222,-0.01538
27.6049,1.085,1.142,0.01529,0.01328,-0.01328,-0.01529
27.6353,1.034,1.116,0.01522,0.01431,-0.01431,-0.01522
27.6679,1.012,1.271,0.01522,0.01539,-0.01539,-0.01522
27.6985,0.822,1.233,0.01531,0.01636,-0.01636,-0.01531
27.7301,0.544,1.124,0.0155,0.01713,-0.01713,-0.0155
27.7613,0.346,1.032,0.01594,0.01757,-0.01757,-0.01594
27.7912,0.167,0.984,0.01636,0.01799,-0.01799,-0.01636
27.8244,-0.056,1.035,0.0168,0.01843,-0.01843,-0.0168
27.8551,-0.14,1.075,0.01726,0.01889,-0.01889,-0.01726
27.8851,-0.297,1.019,0.01769,0.01932,-0.01932,-0.01769
27.9161,-0.455,0.986,0.01811,0.01974,-0.01974,-0.01811
27.9466,-0.449,1.003,0.01854,0.02017,-0.02017,-0.01854
27.9794,-0.511,0.792,0.01915,0.02024,-0.02024,-0.01915
28.0107,-0.577,0.804,0.0198,0.02027,-0.02027,-0.0198
28.0417,-0.6,0.784,0.02046,0.02029,-0.02029,-0.02046
28.0716,-0.574,0.879,0.02114,0.02036,-0.02036,-0.02114
28.1046,-0.533,0.745,0.02174,0.02039,-0.02039,-0.02174
28.1348,-0.416,0.712,0.02205,0.02069,-0.02069,-0.02205
28.1649,-0.284,0.62,0.02231,0.02096,-0.02096,-0.02231
28.1971,-0.14,0.586,0.02256,0.02121,-0.02121,-0.02256
28.2271,-0.119,0.535,0.02279,0.02144,-0.02144,-0.02279
28.257,-0.05,0.522,0.02301,0.02166,-0.02166,-0.02301
28.288,0.031,0.269,0.02301,0.02166,-0.02166,-0.02301
28.3182,0.19,0.194,0.02301,0.02166,-0.02166,-0.02301
28.3483,0.355,0.169,0.02301,0.02166,-0.02166,-0.02301
28.3797,0.456,0.27,0.02301,0.02166,-0.02166,-0.02301
28.4098,0.504,0.309,0.02274,0.02193,-0.02193,-0.02274
28.4401,0.519,0.348,0.02247,0.0222,-0.0222,-0.02247
28.471,0.549,0.389,0.02217,0.0225,-0.0225,-0.02217
28.5012,0.617,0.513,0.02206,0.02304,-0.02304,-0.02206
28.5313,0.675,0.649,0.02198,0.02368,-0.02368,-0.02198
28.5623,0.665,0.741,0.02194,0.02435,-0.02435,-0.02194
28.5928,0.618,0.846,0.02197,0.02504,-0.02504,-0.02197
28.6231,0.54,0.92,0.02208,0.02572,-0.02572,-0.02208
28.6536,0.57,0.875,0.02215,0.0264,-0.0264,-0.02215
28.687,0.535,0.89,0.02224,0.02707,-0.02707,-0.02224
28.7172,0.384,0.893,0.02262,0.02745,-0.02745,-0.02262
28.7483,0.333,0.909,0.02301,0.02783,-0.02783,-0.02301
28.7814,0.343,0.843,0.02337,0.02819,-0.02819,-0.02337
28.8115,0.308,0.746,0.02369,0.02851,-0.02851,-0.02369
28.8422,0.209,0.789,0.02402,0.02885,-0.02885,-0.02402
28.875,0.113,0.685,0.02432,0.02914,-0.02914,-0.02432
28.9052,0.061,0.621,0.02458,0.02941,-0.02941,-0.02458
28.9358,0.061,0.523,0.0248,0.02963,-0.02963,-0.0248
28.9687,0.037,0.589,0.02506,0.02988,-0.02988,-0.02506
28.9989,0.028,0.472,0.02506,0.02988,-0.02988,-0.02506
29.0311,-0.029,0.423,0.02506,0.02988,-0.02988,-0.02506
29.0615,-0.112,0.422,0.02506,0.02988,-0.02988,-0.02506
29.0916,-0.074,0.38,0.02506,0.02988,-0.02988,-0.02506
29.1224,-0.047,0.247,0.02506,0.02988,-0.02988,-0.02506
29.1526,-0.025,0.156,0.02506,0.02988,-0.02988,-0.02506
29.1827,-0.041,0.048,0.02506,0.02988,-0.02988,-0.02506
29.2138,-0.036,-0.04,0.02506,0.02988,-0.02988,-0.02506
29.2443,-0.023,-0.126,0.02506,0.02988,-0.02988,-0.02506
29.2748,-0.003,-0.147,0.02506,0.02988,-0.02988,-0.02506
29.3055,-0.017,-0.14,0.02506,0.02988,-0.02988,-0.02506
29.3356,-0.051,-0.103,0.02506,0.02988,-0.02988,-0.02506
29.3657,-0.086,-0.072,0.02506,0.02988,-0.02988,-0.02506
29.3955,-0.109,-0.027,0.02506,0.02988,-0.02988,-0.02506
29.4286,-0.133,0.016,0.02506,0.02988,-0.02988,-0.02506
29.4586,-0.163,0.065,0.02506,0.02988,-0.02988,-0.02506
29.4886,-0.169,0.1,0.02506,0.02988,-0.02988,-0.02506
29.5194,-0.151,0.118,0.02506,0.02988,-0.02988,-0.02506
29.5499,-0.13,0.122,0.02506,0.02988,-0.02988,-0.02506
29.5801,-0.136,0.12,0.02506,0.02988,-0.02988,-0.02506
29.611,-0.163,0.133,0.02506,0.02988,-0.02988,-0.02506
29.6414,-0.177,0.128,0.02506,0.02988,-0.02988,-0.02506
29.6717,-0.185,0.101,0.02506,0.02988,-0.02988,-0.02506
29.7033,-0.197,0.047,0.02506,0.02988,-0.02988,-0.02506
29.7334,-0.192,-0.042,0.02506,0.02988,-0.02988,-0.02506
29.7636,-0.146,-0.143,0.02506,0.02988,-0.02988,-0.02506
29.7945,-0.111,-0.244,0.02506,0.02988,-0.02988,-0.02506
29.8249,-0.11,-0.345,0.02506,0.02988,-0.02988,-0.02506
29.8554,-0.128,-0.47,0.02506,0.02988,-0.02988,-0.02506
29.8858,-0.155,-0.625,0.02479,0.02961,-0.02961,-0.02479
29.9185,-0.17,-0.795,0.02445,0.02928,-0.02928,-0.02445
29.9486,-0.179,-0.919,0.02406,0.02888,-0.02888,-0.02406
29.979,-0.182,-0.997,0.02363,0.02846,-0.02846,-0.02363
30.0119,-0.193,-1.173,0.02313,0.02796,-0.02796,-0.02313
30.0424,-0.225,-1.339,0.02256,0.02739,-0.02739,-0.02256
30.0732,-0.302,-1.507,0.02192,0.02674,-0.02674,-0.02192
30.1039,-0.325,-1.621,0.02123,0.02605,-0.02605,-0.02123
30.1367,-0.436,-1.724,0.02049,0.02532,-0.02532,-0.02049
30.1682,-0.585,-1.967,0.01996,0.02416,-0.02416,-0.01996
30.1996,-0.76,-2.049,0.01949,0.02289,-0.02289,-0.01949
30.2297,-0.984,-2.175,0.01909,0.02143,-0.02143,-0.01909
30.2618,-1.088,-2.144,0.01876,0.01994,-0.01994,-0.01876
30.2923,-1.277,-2.023,0.01857,0.01839,-0.01839,-0.01857
30.3228,-1.482,-1.905,0.01855,0.01679,-0.01679,-0.01855
30.3549,-1.472,-1.879,0.01854,0.0152,-0.0152,-0.01854
30.385,-1.516,-1.906,0.01853,0.01358,-0.01358,-0.01853
30.4149,-1.599,-1.818,0.01861,0.01195,-0.01195,-0.01861
30.4463,-1.593,-1.783,0.0187,0.01034,-0.01034,-0.0187
30.4767,-1.404,-1.852,0.01866,0.0088,-0.0088,-0.01866
30.5068,-1.199,-2.004,0.01844,0.00731,-0.00731,-0.01844
30.5372,-1.023,-2.214,0.01804,0.00582,-0.00582,-0.01804
30.5675,-0.757,-2.155,0.01752,0.0045,-0.0045,-0.01752
30.5976,-0.456,-2.248,0.01657,0.00354,-0.00354,-0.01657
30.6276,-0.119,-2.405,0.01554,0.00251,-0.00251,-0.01554
30.6603,0.146,-2.471,0.01448,0.00146,-0.00146,-0.01448
30.6904,0.321,-2.477,0.01343,0.0004,-0.0004,-0.01343
30.7205,0.434,-2.452,0.01238,-0.00065,0.00065,-0.01238
30.7533,0.535,-2.334,0.0111,-0.00136,0.00136,-0.0111
30.7834,0.576,-2.424,0.00976,-0.00208,0.00208,-0.00976
30.8135,0.707,-2.461,0.00833,-0.00276,0.00276,-0.00833
30.8466,0.755,-2.385,0.00691,-0.00337,0.00337,-0.00691
30.8766,0.653,-2.33,0.00557,-0.00402,0.00402,-0.00557
30.9073,0.613,-2.381,0.00423,-0.00471,0.00471,-0.00423
30.94,0.561,-2.3,0.00295,-0.00539,0.00539,-0.00295
30.9701,0.458,-2.151,0.00203,-0.00631,0.00631,-0.00203
31.0008,0.226,-1.898,0.00122,-0.00712,0.00712,-0.00122
31.0336,0.103,-1.696,0.0005,-0.00784,0.00784,-0.0005
31.0635,0.08,-1.548,-0.00017,-0.0085,0.0085,0.00017
31.0941,0.018,-1.321,-0.00073,-0.00906,0.00906,0.00073
31.1269,0.001,-0.964,-0.00114,-0.00948,0.00948,0.00114
31.1569,0.096,-0.601,-0.0014,-0.00973,0.00973,0.0014
31.1871,0.167,-0.36,-0.0014,-0.00973,0.00973,0.0014
31.2197,0.278,-0.183,-0.0014,-0.00973,0.00973,0.0014
31.2497,0.366,-0.002,-0.0014,-0.00973,0.00973,0.0014
31.2806,0.395,0.126,-0.0014,-0.00973,0.00973,0.0014
31.3137,0.486,0.247,-0.0014,-0.00973,0.00973,0.0014
31.344,0.647,0.287,-0.00174,-0.00939,0.00939,0.00174
31.3748,0.821,0.292,-0.00218,-0.00895,0.00895,0.00218
31.4056,0.989,0.34,-0.00271,-0.00842,0.00842,0.00271
31.4361,1.133,0.336,-0.00331,-0.00782,0.00782,0.00331
31.467,1.266,0.336,-0.00399,-0.00714,0.00714,0.00399
31.4973,1.453,0.328,-0.00476,-0.00637,0.00637,0.00476
31.5278,1.63,0.389,-0.00563,-0.0055,0.0055,0.00563
31.5589,1.839,0.47,-0.00661,-0.00452,0.00452,0.00661
31.5889,1.945,0.597,-0.00739,-0.00323,0.00323,0.00739
31.6189,2.079,0.741,-0.00819,-0.0018,0.0018,0.00819
31.649,2.182,0.775,-0.00902,-0.00031,0.00031,0.00902
31.6819,2.35,0.766,-0.00995,0.00127,-0.00127,0.00995
31.7119,2.268,1.051,-0.01071,0.00293,-0.00293,0.01071
31.7421,2.142,1.064,-0.0114,0.00453,-0.00453,0.0114
31.7749,2.124,0.848,-0.01217,0.00602,-0.00602,0.01217
31.8051,2.06,0.631,-0.013,0.00739,-0.00739,0.013
31.8351,1.811,0.524,-0.01374,0.00858,-0.00858,0.01374
31.8678,1.59,0.483,-0.01459,0.00943,-0.00943,0.01459
31.8978,1.393,0.533,-0.0151,0.0104,-0.0104,0.0151
31.9281,1.261,0.446,-0.01577,0.01107,-0.01107,0.01577
31.9612,1.118,0.214,-0.01637,0.01167,-0.01167,0.01637
31.9916,0.937,0.149,-0.01687,0.01217,-0.01217,0.01687
32.0222,0.745,-0.021,-0.01727,0.01256,-0.01256,0.01727
32.0551,0.6,-0.059,-0.01759,0.01288,-0.01288,0.01759
32.0852,0.437,-0.083,-0.01759,0.01288,-0.01288,0.01759
32.116,0.342,-0.04,-0.01759,0.01288,-0.01288,0.01759
32.1491,0.345,-0.153,-0.01759,0.01288,-0.01288,0.01759
32.1793,0.411,-0.273,-0.01759,0.01288,-0.01288,0.01759
32.2106,0.488,-0.393,-0.01759,0.01288,-0.01288,0.01759
32.2407,0.588,-0.45,-0.0179,0.0132,-0.0132,0.0179
32.2706,0.679,-0.508,-0.01848,0.01334,-0.01334,0.01848
32.3012,0.79,-0.601,-0.01916,0.01351,-0.01351,0.01916
32.3312,0.972,-0.733,-0.01999,0.01371,-0.01371,0.01999
32.3613,1.087,-0.757,-0.02089,0.01397,-0.01397,0.02089
32.3913,1.242,-0.769,-0.02188,0.0143,-0.0143,0.02188
32.4232,1.396,-0.771,-0.02296,0.01472,-0.01472,0.02296
32.4531,1.523,-0.839,-0.02413,0.01517,-0.01517,0.02413
32.483,1.515,-0.864,-0.0253,0.01561,-0.01561,0.0253
32.5159,1.44,-0.929,-0.02647,0.01599,-0.01599,0.02647
32.5462,1.399,-0.899,-0.0276,0.01635,-0.01635,0.0276
32.5765,1.32,-0.972,-0.02872,0.01664,-0.01664,0.02872
32.6074,1.3,-0.944,-0.02981,0.01693,-0.01693,0.02981
32.641,1.154,-0.936,-0.03083,0.01714,-0.01714,0.03083
32.6714,1.071,-0.935,-0.0318,0.01732,-0.01732,0.0318
32.7044,0.903,-0.824,-0.03263,0.01745,-0.01745,0.03263
32.7344,0.708,-0.773,-0.03334,0.01749,-0.01749,0.03334
32.765,0.6,-0.642,-0.03393,0.01754,-0.01754,0.03393
32.7951,0.572,-0.498,-0.03423,0.01785,-0.01785,0.03423
32.8252,0.558,-0.263,-0.03453,0.01814,-0.01814,0.03453
32.855,0.415,-0.133,-0.03453,0.01814,-0.01814,0.03453
32.8865,0.305,-0.008,-0.03453,0.01814,-0.01814,0.03453
32.9165,0.307,0.044,-0.03453,0.01814,-0.01814,0.03453
32.9468,0.31,0.143,-0.03453,0.01814,-0.01814,0.03453
32.9791,0.294,0.253,-0.03453,0.01814,-0.01814,0.03453
33.0092,0.289,0.299,-0.03453,0.01814,-0.01814,0.03453
33.0392,0.333,0.298,-0.03453,0.01814,-0.01814,0.03453
33.0709,0.406,0.308,-0.03453,0.01814,-0.01814,0.03453
33.1016,0.443,0.339,-0.03453,0.01814,-0.01814,0.03453
33.1316,0.456,0.357,-0.03453,0.01814,-0.01814,0.03453
33.1639,0.488,0.365,-0.03453,0.01814,-0.01814,0.03453
33.1943,0.527,0.368,-0.03481,0.01842,-0.01842,0.03481
33.2268,0.527,0.372,-0.03509,0.01871,-0.01871,0.03509
33.2583,0.424,0.442,-0.03509,0.01871,-0.01871,0.03509
33.2883,0.367,0.437,-0.03509,0.01871,-0.01871,0.03509
33.3182,0.305,0.398,-0.03509,0.01871,-0.01871,0.03509
33.3501,0.203,0.422,-0.03509,0.01871,-0.01871,0.03509
33.3801,0.053,0.476,-0.03509,0.01871,-0.01871,0.03509
33.41,-0.092,0.497,-0.03509,0.01871,-0.01871,0.03509
33.4408,-0.193,0.527,-0.03487,0.01893,-0.01893,0.03487
33.4726,-0.308,0.581,-0.03462,0.01918,-0.01918,0.03462
33.5027,-0.477,0.659,-0.03434,0.01946,-0.01946,0.03434
33.5336,-0.671,0.722,-0.03367,0.01941,-0.01941,0.03367
33.5637,-0.835,0.737,-0.03291,0.01928,-0.01928,0.03291
33.5964,-1.057,0.716,-0.03205,0.01902,-0.01902,0.03205
33.6281,-1.315,0.779,-0.03101,0.01865,-0.01865,0.03101
33.6581,-1.616,0.809,-0.0298,0.01813,-0.01813,0.0298
33.6908,-1.905,0.787,-0.02845,0.01745,-0.01745,0.02845
33.7215,-2.23,0.664,-0.02698,0.01655,-0.01655,0.02698
33.7519,-2.483,0.524,-0.02543,0.01545,-0.01545,0.02543
33.7821,-2.777,0.578,-0.0237,0.01421,-0.01421,0.0237
33.8139,-3.018,0.631,-0.02183,0.01287,-0.01287,0.02183
33.8439,-3.343,0.647,-0.01977,0.01137,-0.01137,0.01977
33.8741,-3.659,0.667,-0.01753,0.0097,-0.0097,0.01753
33.905,-3.717,0.578,-0.0153,0.00796,-0.00796,0.0153
33.9352,-3.596,0.619,-0.01312,0.00631,-0.00631,0.01312
33.9657,-3.566,0.597,-0.01096,0.00466,-0.00466,0.01096
33.9967,-3.498,0.604,-0.00884,0.00305,-0.00305,0.00884
34.0303,-3.381,0.566,-0.00679,0.00149,-0.00149,0.00679
34.0611,-3.104,0.462,-0.00514,-0.00016,0.00016,0.00514
34.0921,-2.834,0.379,-0.00363,-0.00167,0.00167,0.00363
34.1224,-2.606,0.488,-0.00224,-0.00306,0.00306,0.00224
34.153,-2.233,0.476,-0.00105,-0.00425,0.00425,0.00105
34.1841,-1.867,0.534,0.00018,-0.00502,0.00502,-0.00018
34.2175,-1.496,0.494,0.00097,-0.00582,0.00582,-0.00097
34.2475,-1.087,0.376,0.00155,-0.0064,0.0064,-0.00155
34.2804,-0.871,0.329,0.00202,-0.00686,0.00686,-0.00202
34.3108,-0.679,0.259,0.00238,-0.00723,0.00723,-0.00238
34.3411,-0.531,0.175,0.00266,-0.00751,0.00751,-0.00266
34.3718,-0.391,0.037,0.00266,-0.00751,0.00751,-0.00266
34.4022,-0.356,-0.092,0.00266,-0.00751,0.00751,-0.00266
34.4349,-0.273,-0.132,0.00266,-0.00751,0.00751,-0.00266
34.4667,-0.156,-0.104,0.00266,-0.00751,0.00751,-0.00266
34.4971,-0.117,-0.13,0.00266,-0.00751,0.00751,-0.00266
34.5272,-0.123,-0.134,0.00266,-0.00751,0.00751,-0.00266
34.5605,-0.098,-0.123,0.00266,-0.00751,0.00751,-0.00266
34.5912,-0.048,-0.073,0.00266,-0.00751,0.00751,-0.00266
34.6213,-0.031,-0.043,0.00266,-0.00751,0.00751,-0.00266
34.6541,-0.035,-0.046,0.00266,-0.00751,0.00751,-0.00266
34.6849,-0.029,-0.052,0.00266,-0.00751,0.00751,-0.00266
34.7156,-0.021,-0.051,0.00266,-0.00751,0.00751,-0.00266
34.7478,-0.03,-0.052,0.00266,-0.00751,0.00751,-0.00266
34.7778,-0.062,-0.026,0.00266,-0.00751,0.00751,-0.00266
34.8083,-0.112,0.014,0.00266,-0.00751,0.00751,-0.00266
34.8391,-0.161,0.065,0.00266,-0.00751,0.00751,-0.00266
34.8691,-0.206,0.117,0.00266,-0.00751,0.00751,-0.00266
34.899,-0.267,0.188,0.00266,-0.00751,0.00751,-0.00266
34.9318,-0.315,0.273,0.00266,-0.00751,0.00751,-0.00266
34.9618,-0.322,0.354,0.00266,-0.00751,0.00751,-0.00266
34.9916,-0.319,0.43,0.00266,-0.00751,0.00751,-0.00266
35.0242,-0.319,0.501,0.00288,-0.0073,0.0073,-0.00288
35.0542,-0.282,0.575,0.00312,-0.00705,0.00705,-0.00312
35.0842,-0.224,0.619,0.00339,-0.00679,0.00679,-0.00339
35.1149,-0.14,0.629,0.00365,-0.00652,0.00652,-0.00365
35.1476,0.035,0.694,0.00395,-0.00622,0.00622,-0.00395
35.178,0.195,0.723,0.00426,-0.00591,0.00591,-0.00426
35.209,0.312,0.775,0.00459,-0.00558,0.00558,-0.00459
35.2393,0.428,0.865,0.00496,-0.00521,0.00521,-0.00496
35.2695,0.561,0.879,0.00504,-0.00454,0.00454,-0.00504
35.3006,0.774,0.858,0.00499,-0.00376,0.00376,-0.00499
35.331,0.914,0.824,0.00485,-0.00292,0.00292,-0.00485
35.3614,1.017,0.772,0.00464,-0.00205,0.00205,-0.00464
35.3921,1.114,0.729,0.00436,-0.00114,0.00114,-0.00436
35.423,1.172,0.617,0.00399,-0.00026,0.00026,-0.00399
35.4559,1.252,0.483,0.00333,0.00041,-0.00041,-0.00333
35.489,1.215,0.415,0.00268,0.00106,-0.00106,-0.00268
35.5193,1.082,0.295,0.0021,0.00164,-0.00164,-0.0021
35.5494,1.012,0.124,0.00156,0.00218,-0.00218,-0.00156
35.5801,0.853,0.1,0.00111,0.00263,-0.00263,-0.00111
35.6124,0.647,-0.088,0.00076,0.00298,-0.00298,-0.00076
35.6423,0.471,-0.114,0.00076,0.00298,-0.00298,-0.00076
35.6732,0.251,-0.14,0.00076,0.00298,-0.00298,-0.00076
35.7033,0.048,-0.121,0.00076,0.00298,-0.00298,-0.00076
35.7333,-0.115,-0.137,0.00076,0.00298,-0.00298,-0.00076
35.7656,-0.238,-0.149,0.00076,0.00298,-0.00298,-0.00076
35.7955,-0.325,-0.165,0.00076,0.00298,-0.00298,-0.00076
35.8256,-0.378,-0.18,0.00076,0.00298,-0.00298,-0.00076
35.8559,-0.391,-0.208,0.00076,0.00298,-0.00298,-0.00076
35.8874,-0.388,-0.263,0.00076,0.00298,-0.00298,-0.00076
35.9174,-0.398,-0.338,0.00076,0.00298,-0.00298,-0.00076
35.9483,-0.4,-0.426,0.00076,0.00298,-0.00298,-0.00076
35.9787,-0.404,-0.518,0.00054,0.00276,-0.00276,-0.00054
36.0115,-0.417,-0.626,0.00027,0.00249,-0.00249,-0.00027
36.0425,-0.448,-0.759,-5e-05,0.00216,-0.00216,5e-05
36.0734,-0.491,-0.87,-0.00042,0.00179,-0.00179,0.00042
36.1036,-0.527,-0.937,-0.00054,0.00111,-0.00111,0.00054
36.1344,-0.609,-0.89,-0.00059,0.00041,-0.00041,0.00059
36.1647,-0.672,-0.931,-0.00063,-0.00035,0.00035,0.00063
36.1948,-0.701,-0.917,-0.00065,-0.00111,0.00111,0.00065
36.2254,-0.647,-0.851,-0.00067,-0.00182,0.00182,0.00067
36.2559,-0.553,-0.795,-0.00071,-0.00246,0.00246,0.00071
36.2888,-0.448,-0.723,-0.00102,-0.00276,0.00276,0.00102
36.3199,-0.402,-0.638,-0.00129,-0.00304,0.00304,0.00129
36.3529,-0.291,-0.506,-0.00151,-0.00325,0.00325,0.00151
36.383,-0.28,-0.387,-0.00151,-0.00325,0.00325,0.00151
36.4149,-0.205,-0.268,-0.00151,-0.00325,0.00325,0.00151
36.4452,-0.084,-0.218,-0.00151,-0.00325,0.00325,0.00151
36.4752,-0.054,-0.153,-0.00151,-0.00325,0.00325,0.00151
36.5065,-0.033,-0.112,-0.00151,-0.00325,0.00325,0.00151
36.5367,0.016,-0.092,-0.00151,-0.00325,0.00325,0.00151
36.5669,0.058,-0.063,-0.00151,-0.00325,0.00325,0.00151
36.5975,0.053,-0.03,-0.00151,-0.00325,0.00325,0.00151
36.6276,0.014,0.019,-0.00151,-0.00325,0.00325,0.00151
36.6577,-0.02,0.057,-0.00151,-0.00325,0.00325,0.00151
36.6878,-0.052,0.066,-0.00151,-0.00325,0.00325,0.00151
36.7205,-0.08,0.089,-0.00151,-0.00325,0.00325,0.00151
36.7505,-0.084,0.132,-0.00151,-0.00325,0.00325,0.00151
36.7807,-0.07,0.17,-0.00151,-0.00325,0.00325,0.00151
36.8133,-0.067,0.176,-0.00151,-0.00325,0.00325,0.00151
36.8435,-0.074,0.171,-0.00151,-0.00325,0.00325,0.00151
36.8735,-0.078,0.158,-0.00151,-0.00325,0.00325,0.00151
36.9041,-0.084,0.141,-0.00151,-0.00325,0.00325,0.00151
36.9343,-0.09,0.115,-0.00151,-0.00325,0.00325,0.00151
36.9642,-0.098,0.081,-0.00151,-0.00325,0.00325,0.00151
36.995,-0.103,0.047,-0.00151,-0.00325,0.00325,0.00151
37.0255,-0.113,0.014,-0.00151,-0.00325,0.00325,0.00151
37.0558,-0.128,-0.007,-0.00151,-0.00325,0.00325,0.00151
37.0866,-0.139,-0.022,-0.00151,-0.00325,0.00325,0.00151
37.1169,-0.155,-0.031,-0.00151,-0.00325,0.00325,0.00151
37.147,-0.173,-0.025,-0.00151,-0.00325,0.00325,0.00151
37.1777,-0.181,-0.022,-0.00151,-0.00325,0.00325,0.00151
37.2079,-0.171,-0.006,-0.00151,-0.00325,0.00325,0.00151
37.238,-0.162,0.015,-0.00151,-0.00325,0.00325,0.00151
37.2683,-0.165,0.02,-0.00151,-0.00325,0.00325,0.00151
37.3011,-0.173,0.069,-0.00151,-0.00325,0.00325,0.00151
37.331,-0.189,0.079,-0.00151,-0.00325,0.00325,0.00151
37.3611,-0.194,0.08,-0.00151,-0.00325,0.00325,0.00151
37.3939,-0.189,0.088,-0.00151,-0.00325,0.00325,0.00151
37.4239,-0.187,0.104,-0.00151,-0.00325,0.00325,0.00151
37.454,-0.189,0.117,-0.00151,-0.00325,0.00325,0.00151
37.4869,-0.174,0.124,-0.00151,-0.00325,0.00325,0.00151
37.517,-0.167,0.128,-0.00151,-0.00325,0.00325,0.00151
37.5472,-0.166,0.119,-0.00151,-0.00325,0.00325,0.00151
37.5799,-0.162,0.098,-0.00151,-0.00325,0.00325,0.00151
37.61,-0.148,0.081,-0.00151,-0.00325,0.00325,0.00151
37.64,-0.131,0.071,-0.00151,-0.00325,0.00325,0.00151
37.6724,-0.115,0.069,-0.00151,-0.00325,0.00325,0.00151
37.7028,-0.114,0.074,-0.00151,-0.00325,0.00325,0.00151
37.7337,-0.123,0.082,-0.00151,-0.00325,0.00325,0.00151
37.7666,-0.136,0.093,-0.00151,-0.00325,0.00325,0.00151
37.7967,-0.137,0.097,-0.00151,-0.00325,0.00325,0.00151
37.8271,-0.135,0.103,-0.00151,-0.00325,0.00325,0.00151
37.8596,-0.134,0.113,-0.00151,-0.00325,0.00325,0.00151
37.89,-0.137,0.115,-0.00151,-0.00325,0.00325,0.00151
37.9204,-0.156,0.122,-0.00151,-0.00325,0.00325,0.00151
37.9532,-0.182,0.127,-0.00151,-0.00325,0.00325,0.00151
37.9831,-0.208,0.131,-0.00151,-0.00325,0.00325,0.00151
38.0137,-0.231,0.139,-0.00151,-0.00325,0.00325,0.00151
38.0464,-0.245,0.155,-0.00151,-0.00325,0.00325,0.00151
38.0764,-0.241,0.175,-0.00151,-0.00325,0.00325,0.00151
38.1109,-0.196,0.192,-0.00151,-0.00325,0.00325,0.00151
38.1411,-0.183,0.21,-0.00151,-0.00325,0.00325,0.00151
38.1711,-0.16,0.229,-0.00151,-0.00325,0.00325,0.00151
38.203,-0.137,0.243,-0.00151,-0.00325,0.00325,0.00151
38.233,-0.122,0.243,-0.00151,-0.00325,0.00325,0.00151
38.263,-0.099,0.234,-0.00151,-0.00325,0.00325,0.00151
38.2936,-0.083,0.229,-0.00151,-0.00325,0.00325,0.00151
38.3236,-0.072,0.228,-0.00151,-0.00325,0.00325,0.00151
38.3563,-0.08,0.23,-0.00151,-0.00325,0.00325,0.00151
38.387,-0.091,0.232,-0.00151,-0.00325,0.00325,0.00151
38.4172,-0.097,0.228,-0.00151,-0.00325,0.00325,0.00151
38.4474,-0.107,0.217,-0.00151,-0.00325,0.00325,0.00151
38.4783,-0.112,0.202,-0.00151,-0.00325,0.00325,0.00151
38.5116,-0.119,0.193,-0.00151,-0.00325,0.00325,0.00151
38.5419,-0.127,0.186,-0.00151,-0.00325,0.00325,0.00151
38.5739,-0.128,0.185,-0.00151,-0.00325,0.00325,0.00151
38.6054,-0.137,0.182,-0.00151,-0.00325,0.00325,0.00151
38.6355,-0.144,0.176,-0.00151,-0.00325,0.00325,0.00151
38.6664,-0.143,0.172,-0.00151,-0.00325,0.00325,0.00151
38.6969,-0.138,0.16,-0.00151,-0.00325,0.00325,0.00151
38.727,-0.135,0.148,-0.00151,-0.00325,0.00325,0.00151
38.7589,-0.13,0.136,-0.00151,-0.00325,0.00325,0.00151
38.7918,-0.119,0.131,-0.00151,-0.00325,0.00325,0.00151
38.8224,-0.125,0.145,-0.00151,-0.00325,0.00325,0.00151
38.8535,-0.14,0.135,-0.00151,-0.00325,0.00325,0.00151
38.8836,-0.164,0.126,-0.00151,-0.00325,0.00325,0.00151
38.9135,-0.173,0.12,-0.00151,-0.00325,0.00325,0.00151
38.9442,-0.18,0.117,-0.00151,-0.00325,0.00325,0.00151
38.9757,-0.204,0.119,-0.00151,-0.00325,0.00325,0.00151
39.0059,-0.235,0.127,-0.00151,-0.00325,0.00325,0.00151
39.0367,-0.26,0.134,-0.00151,-0.00325,0.00325,0.00151
39.0689,-0.283,0.145,-0.00151,-0.00325,0.00325,0.00151
39.1018,-0.296,0.123,-0.00151,-0.00325,0.00325,0.00151
39.1325,-0.312,0.129,-0.00151,-0.00325,0.00325,0.00151
39.1628,-0.33,0.122,-0.00151,-0.00325,0.00325,0.00151
39.1931,-0.34,0.107,-0.00151,-0.00325,0.00325,0.00151
39.2252,-0.373,0.112,-0.00151,-0.00325,0.00325,0.00151
39.2551,-0.403,0.12,-0.00151,-0.00325,0.00325,0.00151
39.2851,-0.395,0.139,-0.00151,-0.00325,0.00325,0.00151
39.3156,-0.394,0.166,-0.00151,-0.00325,0.00325,0.00151
39.3479,-0.4,0.189,-0.00151,-0.00325,0.00325,0.00151
39.378,-0.385,0.194,-0.00151,-0.00325,0.00325,0.00151
39.4095,-0.358,0.188,-0.00151,-0.00325,0.00325,0.00151
39.4397,-0.332,0.178,-0.00151,-0.00325,0.00325,0.00151
39.4698,-0.303,0.159,-0.00151,-0.00325,0.00325,0.00151
39.5003,-0.269,0.139,-0.00151,-0.00325,0.00325,0.00151
39.5333,-0.235,0.123,-0.00151,-0.00325,0.00325,0.00151
39.5638,-0.221,0.109,-0.00151,-0.00325,0.00325,0.00151
39.5948,-0.224,0.103,-0.00151,-0.00325,0.00325,0.00151
39.625,-0.234,0.116,-0.00151,-0.00325,0.00325,0.00151
39.6552,-0.24,0.119,-0.00151,-0.00325,0.00325,0.00151
39.6857,-0.238,0.115,-0.00151,-0.00325,0.00325,0.00151
39.7184,-0.236,0.112,-0.00151,-0.00325,0.00325,0.00151
39.7486,-0.232,0.11,-0.00151,-0.00325,0.00325,0.00151
39.7793,-0.231,0.102,-0.00151,-0.00325,0.00325,0.00151
39.8094,-0.23,0.092,-0.00151,-0.00325,0.00325,0.00151
39.8393,-0.238,0.085,-0.00151,-0.00325,0.00325,0.00151
39.8695,-0.247,0.074,-0.00151,-0.00325,0.00325,0.00151
39.9021,-0.238,0.052,-0.00151,-0.00325,0.00325,0.00151
39.9321,-0.232,0.042,-0.00151,-0.00325,0.00325,0.00151
39.9622,-0.231,0.037,-0.00151,-0.00325,0.00325,0.00151
39.9933,-0.223,0.026,-0.00151,-0.00325,0.00325,0.00151
40.0238,-0.22,0.021,-0.00151,-0.00325,0.00325,0.00151
40.0538,-0.224,0.021,-0.00151,-0.00325,0.00325,0.00151
40.0846,-0.222,0.017,-0.00151,-0.00325,0.00325,0.00151
40.1148,-0.218,0.012,-0.00151,-0.00325,0.00325,0.00151
40.1474,-0.222,0.01,-0.00151,-0.00325,0.00325,0.00151
40.1797,-0.228,0.015,-0.00151,-0.00325,0.00325,0.00151
40.2099,-0.228,0.018,-0.00151,-0.00325,0.00325,0.00151
40.2398,-0.22,0.009,-0.00151,-0.00325,0.00325,0.00151
40.2727,-0.204,0.003,-0.00151,-0.00325,0.00325,0.00151
40.3027,-0.186,0.0,-0.00151,-0.00325,0.00325,0.00151
40.3327,-0.169,-0.008,-0.00151,-0.00325,0.00325,0.00151
40.3654,-0.148,-0.021,-0.00151,-0.00325,0.00325,0.00151
40.3955,-0.131,-0.023,-0.00151,-0.00325,0.00325,0.00151
40.4254,-0.118,-0.022,-0.00151,-0.00325,0.00325,0.00151
40.4563,-0.117,-0.019,-0.00151,-0.00325,0.00325,0.00151
40.4867,-0.137,-0.009,-0.00151,-0.00325,0.00325,0.00151
40.5167,-0.177,0.018,-0.00151,-0.00325,0.00325,0.00151
40.5475,-0.218,0.039,-0.00151,-0.00325,0.00325,0.00151
40.5776,-0.233,0.057,-0.00151,-0.00325,0.00325,0.00151
40.6077,-0.214,0.072,-0.00151,-0.00325,0.00325,0.00151
40.6379,-0.168,0.085,-0.00151,-0.00325,0.00325,0.00151
40.6706,-0.096,0.081,-0.00151,-0.00325,0.00325,0.00151
40.7007,-0.003,0.066,-0.00151,-0.00325,0.00325,0.00151
40.7312,0.091,0.024,-0.00151,-0.00325,0.00325,0.00151
40.7639,0.201,-0.018,-0.00151,-0.00325,0.00325,0.00151
40.7939,0.354,-0.005,-0.00151,-0.00325,0.00325,0.00151
40.8245,0.465,-0.016,-0.00151,-0.00325,0.00325,0.00151
40.8566,0.483,-0.053,-0.00151,-0.00325,0.00325,0.00151
40.8866,0.392,-0.084,-0.00151,-0.00325,0.00325,0.00151
40.9174,0.278,-0.092,-0.00151,-0.00325,0.00325,0.00151
40.9476,0.105,-0.06,-0.00151,-0.00325,0.00325,0.00151
40.9801,-0.047,0.017,-0.00151,-0.00325,0.00325,0.00151
41.0117,-0.196,0.086,-0.00151,-0.00325,0.00325,0.00151
41.0417,-0.355,0.167,-0.00151,-0.00325,0.00325,0.00151
41.0721,-0.515,0.239,-0.00123,-0.00353,0.00353,0.00123
41.1032,-0.651,0.296,-0.00089,-0.00387,0.00387,0.00089
41.1333,-0.801,0.299,-0.00046,-0.0043,0.0043,0.00046
41.1639,-0.898,0.376,2e-05,-0.00478,0.00478,-2e-05
41.1947,-0.986,0.462,0.00054,-0.00531,0.00531,-0.00054
41.2277,-1.067,0.485,0.00111,-0.00587,0.00587,-0.00111
41.2578,-1.094,0.471,0.0017,-0.00646,0.00646,-0.0017
41.2885,-1.074,0.471,0.00227,-0.00703,0.00703,-0.00227
41.3205,-1.032,0.558,0.00306,-0.00734,0.00734,-0.00306
41.3508,-0.694,0.685,0.00372,-0.00742,0.00742,-0.00372
41.3816,-0.447,0.753,0.00404,-0.0071,0.0071,-0.00404
41.4121,-0.262,0.699,0.00434,-0.0068,0.0068,-0.00434
41.4453,0.058,0.708,0.00464,-0.0065,0.0065,-0.00464
41.4775,0.366,0.639,0.00491,-0.00623,0.00623,-0.00491
41.5076,0.581,0.544,0.00484,-0.00568,0.00568,-0.00484
41.5377,0.89,0.482,0.00436,-0.00521,0.00521,-0.00436
41.5695,1.167,0.387,0.00374,-0.00459,0.00459,-0.00374
41.5996,1.374,0.315,0.00301,-0.00385,0.00385,-0.00301
41.6297,1.528,0.257,0.00219,-0.00304,0.00304,-0.00219
41.6604,1.713,0.282,0.00128,-0.00213,0.00213,-0.00128
41.6906,1.878,0.218,0.00028,-0.00112,0.00112,-0.00028
41.7233,1.951,0.115,-0.00076,-8e-05,8e-05,0.00076
41.7542,1.957,0.008,-0.00181,0.00096,-0.00096,0.00181
41.7843,1.897,-0.061,-0.00282,0.00197,-0.00197,0.00282
41.8142,1.799,-0.193,-0.00378,0.00293,-0.00293,0.00378
41.8447,1.559,-0.334,-0.00461,0.00376,-0.00376,0.00461
41.8774,1.299,-0.455,-0.0053,0.00446,-0.00446,0.0053
41.9074,0.991,-0.452,-0.00583,0.00498,-0.00498,0.00583
41.9377,0.71,-0.614,-0.00647,0.0051,-0.0051,0.00647
41.968,0.497,-0.839,-0.00683,0.00474,-0.00474,0.00683
41.9979,0.19,-0.733,-0.00714,0.00443,-0.00443,0.00714
42.0278,-0.144,-0.689,-0.00744,0.00414,-0.00414,0.00744
42.0607,-0.463,-0.746,-0.00775,0.00382,-0.00382,0.00775
42.0908,-0.749,-0.83,-0.00771,0.00306,-0.00306,0.00771
42.1213,-0.931,-0.869,-0.00758,0.0022,-0.0022,0.00758
42.1529,-1.129,-0.855,-0.00735,0.00123,-0.00123,0.00735
42.183,-1.353,-0.808,-0.00697,0.00016,-0.00016,0.00697
42.2129,-1.446,-0.732,-0.00651,-0.00092,0.00092,0.00651
42.2443,-1.503,-0.725,-0.00602,-0.00203,0.00203,0.00602
42.2744,-1.562,-0.628,-0.00545,-0.00313,0.00313,0.00545
42.3045,-1.479,-0.59,-0.00492,-0.00417,0.00417,0.00492
42.3367,-1.32,-0.763,-0.00454,-0.0052,0.0052,0.00454
42.3668,-1.197,-0.711,-0.0042,-0.00614,0.00614,0.0042
42.3993,-1.086,-0.643,-0.0039,-0.007,0.007,0.0039
42.4314,-0.954,-0.476,-0.00339,-0.00751,0.00751,0.00339
42.4616,-0.618,-0.42,-0.00306,-0.00783,0.00783,0.00306
42.4914,-0.341,-0.232,-0.00306,-0.00783,0.00783,0.00306
42.5243,-0.241,-0.132,-0.00306,-0.00783,0.00783,0.00306
42.5546,-0.022,0.041,-0.00306,-0.00783,0.00783,0.00306
42.5847,0.195,0.108,-0.00306,-0.00783,0.00783,0.00306
42.6154,0.361,0.195,-0.00306,-0.00783,0.00783,0.00306
42.6461,0.511,0.235,-0.00333,-0.00756,0.00756,0.00333
42.6762,0.685,0.308,-0.0037,-0.0072,0.0072,0.0037
42.7082,0.792,0.4,-0.00412,-0.00677,0.00677,0.00412
42.7383,0.824,0.517,-0.00434,-0.00611,0.00611,0.00434
42.7684,0.883,0.672,-0.00452,-0.00536,0.00536,0.00452
42.8,0.929,0.901,-0.00463,-0.00448,0.00448,0.00463
42.83,0.92,1.095,-0.00466,-0.00352,0.00352,0.00466
42.8601,0.92,1.279,-0.0046,-0.00248,0.00248,0.0046
42.8902,0.889,1.38,-0.00449,-0.00142,0.00142,0.00449
42.9229,0.893,1.444,-0.00435,-0.00033,0.00033,0.00435
42.9529,0.795,1.564,-0.00411,0.00077,-0.00077,0.00411
42.9837,0.632,1.664,-0.00373,0.00181,-0.00181,0.00373
43.0156,0.563,1.696,-0.00331,0.00284,-0.00284,0.00331
43.0456,0.553,1.542,-0.00295,0.00379,-0.00379,0.00295
43.076,0.491,1.539,-0.00229,0.00445,-0.00445,0.00229
43.1083,0.153,1.599,-0.00161,0.00513,-0.00513,0.00161
43.1383,-0.073,1.377,-0.00102,0.00572,-0.00572,0.00102
43.1691,-0.112,1.123,-0.00054,0.00619,-0.00619,0.00054
43.1993,-0.214,0.838,-0.00018,0.00655,-0.00655,0.00018
43.2318,-0.351,0.701,0.00012,0.00685,-0.00685,-0.00012
43.2626,-0.402,0.423,0.00012,0.00685,-0.00685,-0.00012
43.2953,-0.465,0.166,0.00012,0.00685,-0.00685,-0.00012
43.3256,-0.505,-0.147,0.00039,0.00658,-0.00658,-0.00039
43.3572,-0.553,-0.379,0.00068,0.00629,-0.00629,-0.00068
43.3872,-0.592,-0.722,0.00069,0.00566,-0.00566,-0.00069
43.42,-0.602,-1.086,0.00055,0.00488,-0.00488,-0.00055
43.4509,-0.57,-1.428,0.00024,0.00396,-0.00396,-0.00024
43.4817,-0.59,-1.768,-0.0002,0.0029,-0.0029,0.0002
43.5118,-0.61,-2.177,-0.0008,0.00164,-0.00164,0.0008
43.5425,-0.69,-2.506,-0.0015,0.0002,-0.0002,0.0015
43.5736,-0.769,-2.829,-0.0023,-0.00141,0.00141,0.0023
43.6038,-0.77,-3.045,-0.00319,-0.00312,0.00312,0.00319
43.6351,-0.781,-3.205,-0.00414,-0.00491,0.00491,0.00414
43.6651,-0.769,-3.147,-0.00507,-0.00666,0.00666,0.00507
43.6951,-0.676,-3.216,-0.00608,-0.00839,0.00839,0.00608
43.7257,-0.564,-3.085,-0.0071,-0.01001,0.01001,0.0071
43.7585,-0.439,-2.934,-0.00835,-0.01126,0.01126,0.00835
43.7886,-0.285,-2.807,-0.00955,-0.01246,0.01246,0.00955
43.8191,-0.194,-2.56,-0.01064,-0.01355,0.01355,0.01064
43.8519,-0.143,-2.348,-0.01164,-0.01455,0.01455,0.01164
43.8823,0.03,-1.984,-0.01249,-0.0154,0.0154,0.01249
43.9131,0.145,-1.52,-0.01314,-0.01605,0.01605,0.01314
43.943,0.175,-1.049,-0.01359,-0.0165,0.0165,0.01359
43.9757,0.254,-0.714,-0.01389,-0.0168,0.0168,0.01389
44.0071,0.288,-0.364,-0.01389,-0.0168,0.0168,0.01389
44.0399,0.201,0.024,-0.01389,-0.0168,0.0168,0.01389
44.07,0.172,0.348,-0.01389,-0.0168,0.0168,0.01389
44.1025,0.147,0.656,-0.01361,-0.01652,0.01652,0.01361
44.1326,0.086,0.971,-0.0132,-0.01611,0.01611,0.0132
44.1625,0.065,1.368,-0.01261,-0.01552,0.01552,0.01261
44.193,0.082,1.745,-0.01187,-0.01478,0.01478,0.01187
44.2265,0.092,2.128,-0.01096,-0.01387,0.01387,0.01096
44.2563,0.091,2.515,-0.00989,-0.0128,0.0128,0.00989
44.2871,0.189,2.862,-0.00867,-0.01158,0.01158,0.00867
44.3179,0.24,3.14,-0.00733,-0.01024,0.01024,0.00733
44.3479,0.437,3.318,-0.00591,-0.00882,0.00882,0.00591
44.38,0.636,3.395,-0.0048,-0.00703,0.00703,0.0048
44.41,0.82,3.612,-0.0037,-0.00505,0.00505,0.0037
44.4425,0.979,3.681,-0.00265,-0.00296,0.00296,0.00265
44.4734,1.08,3.699,-0.00165,-0.00081,0.00081,0.00165
44.5034,1.065,3.572,-0.00069,0.00128,-0.00128,0.00069
44.5334,1.108,3.254,0.00011,0.00326,-0.00326,-0.00011
44.5654,1.185,3.021,0.00076,0.00518,-0.00518,-0.00076
44.5954,1.065,2.643,0.00132,0.00688,-0.00688,-0.00132
44.6255,0.878,2.314,0.00184,0.00834,-0.00834,-0.00184
44.6564,0.61,2.058,0.00239,0.00954,-0.00954,-0.00239
44.6893,0.474,1.354,0.00297,0.01012,-0.01012,-0.00297
44.7194,0.399,0.987,0.00339,0.01054,-0.01054,-0.00339
44.751,0.128,0.599,0.00365,0.01079,-0.01079,-0.00365
44.7811,-0.115,0.197,0.00365,0.01079,-0.01079,-0.00365
44.8111,-0.194,-0.032,0.00365,0.01079,-0.01079,-0.00365
44.8418,-0.34,-0.436,0.00365,0.01079,-0.01079,-0.00365
44.8718,-0.513,-0.816,0.00357,0.01017,-0.01017,-0.00357
44.9045,-0.682,-1.171,0.00344,0.00931,-0.00931,-0.00344
44.9349,-0.855,-1.372,0.00331,0.00827,-0.00827,-0.00331
44.9676,-0.956,-1.65,0.00312,0.00705,-0.00705,-0.00312
44.9976,-1.06,-2.014,0.00282,0.00563,-0.00563,-0.00282
45.0293,-1.148,-2.325,0.00244,0.00402,-0.00402,-0.00244
45.0597,-1.212,-2.645,0.00196,0.00225,-0.00225,-0.00196
45.0897,-1.272,-2.892,0.0014,0.00034,-0.00034,-0.0014
45.1206,-1.294,-3.316,0.00068,-0.00177,0.00177,-0.00068
45.1526,-1.267,-3.543,-0.00016,-0.00396,0.00396,0.00016
45.1826,-1.287,-3.796,-0.00109,-0.00626,0.00626,0.00109
45.2135,-1.309,-3.799,-0.00201,-0.00858,0.00858,0.00201
45.2437,-1.2,-4.003,-0.00308,-0.01093,0.01093,0.00308
45.2763,-1.039,-4.115,-0.00428,-0.01324,0.01324,0.00428
45.3079,-0.781,-4.121,-0.00562,-0.01541,0.01541,0.00562
45.3381,-0.658,-3.876,-0.00693,-0.01742,0.01742,0.00693
45.3685,-0.424,-3.479,-0.00841,-0.0189,0.0189,0.00841
45.3993,-0.061,-3.029,-0.0097,-0.0202,0.0202,0.0097
45.4293,0.356,-2.562,-0.0108,-0.02129,0.02129,0.0108
45.4593,0.634,-2.085,-0.01203,-0.02184,0.02184,0.01203
45.4895,0.746,-1.519,-0.01307,-0.02209,0.02209,0.01307
45.5225,0.783,-1.101,-0.01396,-0.02214,0.02214,0.01396
45.5526,0.767,-0.711,-0.01467,-0.02204,0.02204,0.01467
45.583,0.731,-0.386,-0.01506,-0.02165,0.02165,0.01506
45.6156,0.601,0.007,-0.01538,-0.02133,0.02133,0.01538
45.6461,0.409,0.393,-0.01538,-0.02133,0.02133,0.01538
45.6765,0.242,0.709,-0.01508,-0.02102,0.02102,0.01508
45.7087,0.16,1.095,-0.01461,-0.02056,0.02056,0.01461
45.7388,0.048,1.509,-0.01397,-0.01991,0.01991,0.01397
45.7695,-0.051,1.925,-0.01315,-0.01909,0.01909,0.01315
45.7997,-0.099,2.356,-0.01214,-0.01809,0.01809,0.01214
45.8296,-0.116,2.813,-0.01094,-0.01689,0.01689,0.01094
45.8597,-0.032,3.111,-0.00961,-0.01556,0.01556,0.00961
45.892,-0.021,3.326,-0.00819,-0.01414,0.01414,0.00819
45.9219,-0.03,3.539,-0.00668,-0.01263,0.01263,0.00668
45.9518,0.101,3.653,-0.00513,-0.01107,0.01107,0.00513
45.9848,0.26,3.611,-0.00359,-0.00953,0.00953,0.00359
46.0149,0.462,3.484,-0.0021,-0.00804,0.00804,0.0021
46.045,0.551,3.461,-0.00092,-0.00627,0.00627,0.00092
46.0779,0.32,3.445,0.00055,-0.0048,0.0048,-0.00055
46.1087,0.295,3.297,0.00196,-0.0034,0.0034,-0.00196
46.139,0.452,3.025,0.00325,-0.0021,0.0021,-0.00325
46.1719,0.595,2.687,0.00408,-0.00064,0.00064,-0.00408
46.202,0.529,2.394,0.00482,0.00066,-0.00066,-0.00482
46.234,0.47,2.0,0.00567,0.00152,-0.00152,-0.00567
46.2641,0.593,1.61,0.00604,0.00252,-0.00252,-0.00604
46.2973,0.634,1.305,0.00626,0.00341,-0.00341,-0.00626
46.3282,0.54,0.851,0.00634,0.00406,-0.00406,-0.00634
46.3582,0.575,0.41,0.00603,0.00437,-0.00437,-0.00603
46.3908,0.727,-0.019,0.00564,0.00476,-0.00476,-0.00564
46.4229,0.736,-0.255,0.00525,0.00515,-0.00515,-0.00525
46.453,0.61,-0.694,0.00463,0.00518,-0.00518,-0.00463
46.4829,0.55,-1.149,0.00385,0.00499,-0.00499,-0.00385
46.5138,0.456,-1.641,0.00315,0.00429,-0.00429,-0.00315
46.544,0.283,-1.88,0.00234,0.00348,-0.00348,-0.00234
46.577,0.062,-2.187,0.00141,0.00255,-0.00255,-0.00141
46.6086,-0.117,-2.514,0.00034,0.00148,-0.00148,-0.00034
46.6386,-0.402,-2.8,-0.00086,0.00028,-0.00028,0.00086
46.6712,-0.736,-3.018,-0.00175,-0.0014,0.0014,0.00175
46.7042,-1.084,-3.124,-0.00251,-0.00331,0.00331,0.00251
46.7342,-1.447,-3.083,-0.00305,-0.0054,0.0054,0.00305
46.7642,-1.619,-3.142,-0.00353,-0.0076,0.0076,0.00353
46.7955,-1.596,-3.13,-0.00401,-0.00979,0.00979,0.00401
46.8283,-1.591,-2.959,-0.00443,-0.0119,0.0119,0.00443
46.8584,-1.604,-2.851,-0.00479,-0.01397,0.01397,0.00479
46.8893,-1.425,-2.588,-0.00513,-0.01583,0.01583,0.00513
46.9193,-1.12,-2.355,-0.00554,-0.01744,0.01744,0.00554
46.9494,-0.781,-2.071,-0.00601,-0.01874,0.01874,0.00601
46.9802,-0.477,-1.766,-0.00676,-0.01949,0.01949,0.00676
47.0102,-0.093,-1.416,-0.00736,-0.02009,0.02009,0.00736
47.0402,0.243,-1.179,-0.00787,-0.0206,0.0206,0.00787
47.0718,0.505,-1.018,-0.00857,-0.02076,0.02076,0.00857
47.1025,0.569,-0.699,-0.00917,-0.02076,0.02076,0.00917
47.1326,0.714,-0.495,-0.00955,-0.02038,0.02038,0.00955
47.163,0.846,-0.285,-0.01,-0.01993,0.01993,0.01
47.1961,0.903,0.037,-0.01048,-0.01944,0.01944,0.01048
47.2262,0.893,0.365,-0.01096,-0.01897,0.01897,0.01096
47.2572,0.806,0.596,-0.01114,-0.01828,0.01828,0.01114
47.2873,0.694,0.975,-0.01109,-0.0175,0.0175,0.01109
47.3173,0.575,1.379,-0.01081,-0.0166,0.0166,0.01081
47.3477,0.446,1.753,-0.01006,-0.01585,0.01585,0.01006
47.3803,0.321,2.12,-0.00916,-0.01495,0.01495,0.00916
47.4105,0.328,2.502,-0.00809,-0.01388,0.01388,0.00809
47.441,0.38,2.877,-0.00686,-0.01265,0.01265,0.00686
47.4714,0.34,3.026,-0.00557,-0.01136,0.01136,0.00557
47.5015,0.318,3.132,-0.00423,-0.01003,0.01003,0.00423
47.5315,0.416,3.138,-0.0029,-0.00869,0.00869,0.0029
47.5625,0.486,3.028,-0.0016,-0.0074,0.0074,0.0016
47.5925,0.362,2.906,-0.00036,-0.00616,0.00616,0.00036
47.6225,0.325,2.855,0.00085,-0.00494,0.00494,-0.00085
47.6549,0.354,2.776,0.00204,-0.00375,0.00375,-0.00204
47.6854,0.495,2.551,0.00313,-0.00266,0.00266,-0.00313
47.7157,0.614,2.302,0.00378,-0.00135,0.00135,-0.00378
47.7472,0.601,1.937,0.00429,-0.00021,0.00021,-0.00429
47.778,0.55,1.791,0.00476,0.00085,-0.00085,-0.00476
47.8079,0.53,1.581,0.00515,0.00181,-0.00181,-0.00515
47.8387,0.461,1.117,0.00563,0.00228,-0.00228,-0.00563
47.8687,0.541,0.621,0.0056,0.00284,-0.00284,-0.0056
47.9016,0.581,0.165,0.00529,0.00315,-0.00315,-0.00529
47.9324,0.528,-0.187,0.00501,0.00343,-0.00343,-0.00501
47.9628,0.566,-0.57,0.00447,0.00349,-0.00349,-0.00447
47.9927,0.64,-1.052,0.00368,0.00338,-0.00338,-0.00368
48.0242,0.626,-1.596,0.00266,0.00303,-0.00303,-0.00266
48.0544,0.593,-2.088,0.00146,0.00246,-0.00246,-0.00146
48.0873,0.512,-2.425,0.00015,0.0017,-0.0017,-0.00015
48.1197,0.436,-2.696,-0.001,0.00055,-0.00055,0.001
48.1501,0.267,-3.03,-0.0023,-0.00075,0.00075,0.0023
48.1803,-0.013,-3.374,-0.00374,-0.00219,0.00219,0.00374
48.2129,-0.261,-3.728,-0.00533,-0.00378,0.00378,0.00533
48.243,-0.466,-4.01,-0.00704,-0.00549,0.00549,0.00704
48.273,-0.709,-4.12,-0.00842,-0.00762,0.00762,0.00842
48.3037,-0.845,-4.255,-0.00978,-0.00989,0.00989,0.00978
48.3338,-0.975,-4.17,-0.01104,-0.01219,0.01219,0.01104
48.3638,-1.091,-4.064,-0.01219,-0.01451,0.01451,0.01219
48.3945,-1.236,-3.962,-0.01322,-0.01685,0.01685,0.01322
48.4253,-1.288,-3.852,-0.01418,-0.01919,0.01919,0.01418
48.4553,-1.166,-3.713,-0.01514,-0.02139,0.02139,0.01514
48.4855,-1.101,-3.537,-0.01606,-0.02349,0.02349,0.01606
48.5182,-0.972,-3.283,-0.01695,-0.02541,0.02541,0.01695
48.5483,-0.633,-3.01,-0.01789,-0.02703,0.02703,0.01789
48.5792,-0.285,-2.923,-0.01914,-0.02828,0.02828,0.01914
48.6117,-0.091,-2.615,-0.02026,-0.02939,0.02939,0.02026
48.6416,0.089,-2.41,-0.02128,-0.03042,0.03042,0.02128
48.6721,0.3,-2.285,-0.02226,-0.0314,0.0314,0.02226
48.7043,0.397,-2.26,-0.02322,-0.03236,0.03236,0.02322
48.7343,0.362,-2.044,-0.0241,-0.03323,0.03323,0.0241
48.7649,0.359,-1.876,-0.0249,-0.03403,0.03403,0.0249
48.7951,0.406,-1.56,-0.02556,-0.0347,0.0347,0.02556
48.8251,0.444,-1.307,-0.02612,-0.03526,0.03526,0.02612
48.855,0.409,-0.92,-0.02651,-0.03565,0.03565,0.02651
48.8868,0.385,-0.74,-0.02683,-0.03596,0.03596,0.02683
48.9168,0.404,-0.382,-0.02683,-0.03596,0.03596,0.02683
48.9469,0.446,-0.053,-0.02683,-0.03596,0.03596,0.02683
48.9786,0.594,0.281,-0.02715,-0.03565,0.03565,0.02715
49.0086,0.702,0.554,-0.02728,-0.03504,0.03504,0.02728
49.0386,0.691,0.76,-0.02733,-0.03434,0.03434,0.02733
49.0706,0.683,0.931,-0.02729,-0.03358,0.03358,0.02729
49.1009,0.664,1.058,-0.0272,-0.03278,0.03278,0.0272
49.1309,0.568,1.216,-0.02698,-0.03195,0.03195,0.02698
49.1625,0.493,1.352,-0.0264,-0.03138,0.03138,0.0264
49.1928,0.355,1.483,-0.02577,-0.03075,0.03075,0.02577
49.223,0.212,1.588,-0.02509,-0.03007,0.03007,0.02509
49.2538,0.152,1.735,-0.02435,-0.02933,0.02933,0.02435
49.2839,0.03,1.846,-0.02357,-0.02854,0.02854,0.02357
49.3165,0.052,1.996,-0.02271,-0.02769,0.02769,0.02271
49.3473,-0.046,2.178,-0.02179,-0.02676,0.02676,0.02179
49.3775,-0.196,2.306,-0.0208,-0.02578,0.02578,0.0208
49.4075,-0.239,2.319,-0.01981,-0.02479,0.02479,0.01981
49.4376,-0.23,2.361,-0.0188,-0.02378,0.02378,0.0188
49.4703,-0.361,2.488,-0.01774,-0.02272,0.02272,0.01774
49.5003,-0.428,2.489,-0.01668,-0.02165,0.02165,0.01668
49.5307,-0.424,2.499,-0.01561,-0.02059,0.02059,0.01561
49.5637,-0.399,2.259,-0.01465,-0.01962,0.01962,0.01465
49.5938,-0.35,2.184,-0.01372,-0.01869,0.01869,0.01372
49.6242,-0.328,2.139,-0.01281,-0.01778,0.01778,0.01281
49.6563,-0.245,2.051,-0.01193,-0.0169,0.0169,0.01193
49.6862,-0.186,1.901,-0.01112,-0.01609,0.01609,0.01112
49.7172,-0.11,1.583,-0.01044,-0.01542,0.01542,0.01044
49.7475,0.007,1.404,-0.00985,-0.01482,0.01482,0.00985
49.7777,0.058,1.445,-0.00923,-0.0142,0.0142,0.00923
49.8079,0.074,1.464,-0.0086,-0.01358,0.01358,0.0086
49.8408,0.119,1.395,-0.00801,-0.01298,0.01298,0.00801
49.8708,0.167,1.215,-0.00749,-0.01246,0.01246,0.00749
49.9009,0.229,1.09,-0.00703,-0.012,0.012,0.00703
49.9337,0.274,1.072,-0.00657,-0.01154,0.01154,0.00657
49.9637,0.106,1.17,-0.00607,-0.01104,0.01104,0.00607
49.9942,-0.03,1.215,-0.00555,-0.01052,0.01052,0.00555
50.0271,-0.005,1.296,-0.005,-0.00997,0.00997,0.005
50.0571,-0.077,1.317,-0.00444,-0.00941,0.00941,0.00444
50.0873,-0.063,1.416,-0.00383,-0.00881,0.00881,0.00383
50.1201,-0.089,1.648,-0.00313,-0.0081,0.0081,0.00313
50.1502,-0.194,1.66,-0.00242,-0.00739,0.00739,0.00242
50.1811,-0.128,1.474,-0.00179,-0.00677,0.00677,0.00179
50.2113,0.038,1.296,-0.00124,-0.00621,0.00621,0.00124
50.2415,0.18,1.254,-0.0007,-0.00568,0.00568,0.0007
50.2716,0.155,1.139,-0.00022,-0.00519,0.00519,0.00022
50.3039,0.223,1.034,0.00022,-0.00475,0.00475,-0.00022
50.3339,0.377,0.876,0.0006,-0.00438,0.00438,-0.0006
50.3639,0.36,0.795,0.00094,-0.00404,0.00404,-0.00094
50.3959,0.285,0.822,0.00129,-0.00369,0.00369,-0.00129
50.426,0.257,0.833,0.00164,-0.00333,0.00333,-0.00164
50.4559,0.165,0.768,0.00197,-0.003,0.003,-0.00197
50.4868,0.085,0.838,0.00233,-0.00265,0.00265,-0.00233
50.5176,0.053,0.891,0.00271,-0.00227,0.00227,-0.00271
50.5476,0.014,0.994,0.00313,-0.00184,0.00184,-0.00313
50.5797,-0.091,0.952,0.00354,-0.00144,0.00144,-0.00354
50.6097,-0.187,0.908,0.00393,-0.00105,0.00105,-0.00393
50.6397,-0.154,0.956,0.00433,-0.00064,0.00064,-0.00433
50.671,-0.048,1.016,0.00477,-0.00021,0.00021,-0.00477
50.7013,-0.06,0.948,0.00517,0.0002,-0.0002,-0.00517
50.7315,-0.109,0.958,0.00558,0.00061,-0.00061,-0.00558
50.7622,-0.093,0.86,0.00595,0.00097,-0.00097,-0.00595
50.7924,-0.053,0.633,0.00622,0.00124,-0.00124,-0.00622
50.8224,-0.075,0.382,0.00622,0.00124,-0.00124,-0.00622
50.8526,-0.134,0.379,0.00622,0.00124,-0.00124,-0.00622
50.8855,-0.142,0.384,0.00622,0.00124,-0.00124,-0.00622
50.9157,-0.139,0.342,0.00622,0.00124,-0.00124,-0.00622
50.9461,-0.142,0.343,0.00622,0.00124,-0.00124,-0.00622
50.979,-0.196,0.353,0.00622,0.00124,-0.00124,-0.00622
51.0091,-0.282,0.499,0.00622,0.00124,-0.00124,-0.00622
51.0394,-0.373,0.64,0.00649,0.00152,-0.00152,-0.00649
51.072,-0.465,0.768,0.00682,0.00184,-0.00184,-0.00682
51.102,-0.557,0.904,0.0075,0.00193,-0.00193,-0.0075
51.1324,-0.656,1.032,0.00829,0.00202,-0.00202,-0.00829
51.1653,-0.727,1.052,0.00913,0.00209,-0.00209,-0.00913
51.1958,-0.736,1.085,0.00998,0.00216,-0.00216,-0.00998
51.2266,-0.682,1.075,0.01081,0.00225,-0.00225,-0.01081
51.2569,-0.57,0.987,0.01153,0.00237,-0.00237,-0.01153
51.287,-0.535,0.969,0.01223,0.0025,-0.0025,-0.01223
51.3172,-0.395,0.842,0.01259,0.00286,-0.00286,-0.01259
51.3504,-0.157,0.852,0.01295,0.00322,-0.00322,-0.01295
51.3805,0.201,0.821,0.0133,0.00357,-0.00357,-0.0133
51.4113,0.382,0.785,0.01364,0.0039,-0.0039,-0.01364
51.4438,0.542,0.829,0.0137,0.00455,-0.00455,-0.0137
51.4741,0.764,0.811,0.01364,0.0053,-0.0053,-0.01364
51.5049,0.93,0.769,0.01347,0.00612,-0.00612,-0.01347
51.5351,1.043,0.785,0.01325,0.00702,-0.00702,-0.01325
51.5655,1.087,0.784,0.01301,0.00793,-0.00793,-0.01301
51.596,1.103,0.773,0.01275,0.00885,-0.00885,-0.01275
51.6288,1.089,0.826,0.01252,0.00978,-0.00978,-0.01252
51.6588,1.0,0.853,0.01235,0.01068,-0.01068,-0.01235
51.6889,0.932,0.885,0.01223,0.01155,-0.01155,-0.01223
51.722,0.798,0.85,0.01217,0.01234,-0.01234,-0.01217
51.7521,0.668,0.859,0.01218,0.01306,-0.01306,-0.01218
51.7827,0.442,0.845,0.01254,0.01343,-0.01343,-0.01254
51.8156,0.173,0.918,0.01293,0.01382,-0.01382,-0.01293
51.8456,0.023,0.855,0.0133,0.01418,-0.01418,-0.0133
51.876,-0.142,1.206,0.01381,0.0147,-0.0147,-0.01381
51.9083,-0.286,1.197,0.01432,0.01521,-0.01521,-0.01432
51.9383,-0.358,0.996,0.01475,0.01563,-0.01563,-0.01475
51.9689,-0.473,0.719,0.01505,0.01594,-0.01594,-0.01505
51.9998,-0.524,0.516,0.01555,0.01588,-0.01588,-0.01555
52.0325,-0.514,0.324,0.01583,0.0156,-0.0156,-0.01583
52.0644,-0.547,0.178,0.01612,0.01531,-0.01531,-0.01612
52.0973,-0.546,0.004,0.01641,0.01502,-0.01502,-0.01641
52.1277,-0.572,-0.195,0.01671,0.01472,-0.01472,-0.01671
52.16,-0.677,-0.324,0.01707,0.01436,-0.01436,-0.01707
52.1903,-0.825,-0.515,0.0173,0.0137,-0.0137,-0.0173
52.2204,-0.898,-0.626,0.01751,0.01295,-0.01295,-0.01751
52.2511,-0.935,-0.604,0.01775,0.01219,-0.01219,-0.01775
52.2812,-0.981,-0.637,0.018,0.0114,-0.0114,-0.018
52.3115,-0.962,-0.598,0.01826,0.01063,-0.01063,-0.01826
52.3422,-1.034,-0.7,0.01851,0.00978,-0.00978,-0.01851
52.3724,-1.032,-0.69,0.01876,0.00894,-0.00894,-0.01876
52.4024,-0.982,-0.585,0.01904,0.00816,-0.00816,-0.01904
52.4325,-0.923,-0.576,0.01929,0.00743,-0.00743,-0.01929
52.4653,-0.769,-0.45,0.0197,0.00701,-0.00701,-0.0197
52.4952,-0.661,-0.422,0.02005,0.00666,-0.00666,-0.02005
52.5263,-0.456,-0.417,0.02005,0.00666,-0.00666,-0.02005
52.5568,-0.228,-0.322,0.02005,0.00666,-0.00666,-0.02005
52.587,-0.007,-0.168,0.02005,0.00666,-0.00666,-0.02005
52.617,0.188,-0.119,0.02005,0.00666,-0.00666,-0.02005
52.6496,0.339,-0.059,0.02005,0.00666,-0.00666,-0.02005
52.6797,0.469,0.001,0.02005,0.00666,-0.00666,-0.02005
52.7098,0.593,0.131,0.01973,0.00698,-0.00698,-0.01973
52.7425,0.683,0.266,0.01937,0.00734,-0.00734,-0.01937
52.7726,0.745,0.4,0.01897,0.00774,-0.00774,-0.01897
52.8026,0.748,0.497,0.01857,0.00814,-0.00814,-0.01857
52.8341,0.779,0.646,0.01843,0.00883,-0.00883,-0.01843
52.8644,0.804,0.804,0.01834,0.0096,-0.0096,-0.01834
52.8943,0.781,0.96,0.01834,0.01043,-0.01043,-0.01834
52.9253,0.804,1.124,0.01839,0.01134,-0.01134,-0.01839
52.9556,0.818,1.215,0.01847,0.01229,-0.01229,-0.01847
52.9859,0.811,1.267,0.01858,0.01327,-0.01327,-0.01858
53.0178,0.735,1.357,0.01877,0.01424,-0.01424,-0.01877
53.0491,0.611,1.336,0.01901,0.01513,-0.01513,-0.01901
53.079,0.571,1.22,0.01923,0.01596,-0.01596,-0.01923
53.1113,0.456,0.917,0.01962,0.01635,-0.01635,-0.01962
53.1413,0.249,0.577,0.01986,0.0166,-0.0166,-0.01986
53.1712,0.055,0.395,0.01986,0.0166,-0.0166,-0.01986
53.2025,-0.093,0.145,0.01986,0.0166,-0.0166,-0.01986
53.2326,-0.186,-0.081,0.01986,0.0166,-0.0166,-0.01986
53.2626,-0.261,-0.418,0.01986,0.0166,-0.0166,-0.01986
53.2928,-0.39,-0.684,0.01957,0.0163,-0.0163,-0.01957
53.3248,-0.523,-0.933,0.01945,0.01563,-0.01563,-0.01945
53.3548,-0.706,-1.083,0.01937,0.01479,-0.01479,-0.01937
53.3851,-0.759,-1.318,0.01921,0.01382,-0.01382,-0.01921
53.4179,-0.874,-1.577,0.019,0.01268,-0.01268,-0.019
53.4485,-1.03,-1.851,0.01876,0.01134,-0.01134,-0.01876
53.4794,-1.106,-2.048,0.01848,0.00988,-0.00988,-0.01848
53.5096,-1.285,-2.169,0.01824,0.00827,-0.00827,-0.01824
53.5397,-1.387,-2.272,0.01801,0.00656,-0.00656,-0.01801
53.5703,-1.471,-2.561,0.0177,0.00468,-0.00468,-0.0177
53.6031,-1.407,-2.667,0.01731,0.00279,-0.00279,-0.01731
53.6332,-1.186,-2.769,0.01676,0.00098,-0.00098,-0.01676
53.6639,-1.041,-2.731,0.01615,-0.00074,0.00074,-0.01615
53.6969,-0.978,-2.782,0.01549,-0.00245,0.00245,-0.01549
53.7269,-0.649,-2.78,0.01465,-0.00398,0.00398,-0.01465
53.7578,-0.29,-2.743,0.01348,-0.00515,0.00515,-0.01348
53.7909,-0.079,-2.662,0.01234,-0.00629,0.00629,-0.01234
53.8213,0.106,-2.405,0.01131,-0.00731,0.00731,-0.01131
53.853,0.308,-2.174,0.01039,-0.00824,0.00824,-0.01039
53.8832,0.505,-2.127,0.00921,-0.00888,0.00888,-0.00921
53.9136,0.62,-1.865,0.00808,-0.00934,0.00934,-0.00808
53.9443,0.705,-1.731,0.00697,-0.00971,0.00971,-0.00697
53.9772,0.758,-1.526,0.00591,-0.00995,0.00995,-0.00591
54.0073,0.713,-1.451,0.00491,-0.01019,0.01019,-0.00491
54.0382,0.705,-1.2,0.00403,-0.01033,0.01033,-0.00403
54.0691,0.501,-1.136,0.00327,-0.01055,0.01055,-0.00327
54.0994,0.172,-1.06,0.00282,-0.011,0.011,-0.00282
54.1305,-0.084,-0.767,0.0025,-0.01132,0.01132,-0.0025
54.1605,-0.103,-0.303,0.0025,-0.01132,0.01132,-0.0025
54.1932,-0.096,0.008,0.0025,-0.01132,0.01132,-0.0025
54.2253,-0.305,0.307,0.0025,-0.01132,0.01132,-0.0025
54.2562,-0.514,0.634,0.00304,-0.01133,0.01133,-0.00304
54.2864,-0.713,0.916,0.00381,-0.01132,0.01132,-0.00381
54.3186,-0.94,1.156,0.00481,-0.01133,0.01133,-0.00481
54.3486,-1.13,1.359,0.00599,-0.01135,0.01135,-0.00599
54.3788,-1.355,1.503,0.00735,-0.01143,0.01143,-0.00735
54.4105,-1.689,1.774,0.00901,-0.01157,0.01157,-0.00901
54.4405,-2.011,1.873,0.01088,-0.01185,0.01185,-0.01088
54.4705,-2.319,2.058,0.013,-0.01221,0.01221,-0.013
54.5013,-2.672,2.194,0.01536,-0.01269,0.01269,-0.01536
54.5314,-3.064,2.349,0.01799,-0.01333,0.01333,-0.01799
54.5615,-3.406,2.462,0.02086,-0.01409,0.01409,-0.02086
54.5919,-3.642,2.429,0.02384,-0.015,0.015,-0.02384
54.6246,-3.767,2.159,0.02677,-0.01609,0.01609,-0.02677
54.6545,-3.57,1.908,0.02949,-0.01718,0.01718,-0.02949
54.6847,-3.146,1.292,0.03172,-0.0183,0.0183,-0.03172
54.7176,-2.839,0.776,0.03356,-0.01949,0.01949,-0.03356
54.7477,-2.211,0.611,0.035,-0.02041,0.02041,-0.035
54.7782,-1.282,0.089,0.03568,-0.02109,0.02109,-0.03568
54.811,0.043,-0.477,0.03568,-0.02109,0.02109,-0.03568
54.8411,1.314,-0.897,0.0346,-0.02077,0.02077,-0.0346
54.8716,2.707,-1.516,0.03251,-0.01997,0.01997,-0.03251
54.9044,3.794,-2.24,0.02953,-0.01891,0.01891,-0.02953
54.9346,4.783,-2.868,0.02576,-0.01758,0.01758,-0.02576
54.9658,5.652,-3.168,0.02139,-0.01592,0.01592,-0.02139
54.9963,6.069,-3.024,0.01686,-0.01397,0.01397,-0.01686
55.0267,6.066,-2.806,0.01243,-0.01193,0.01193,-0.01243
55.0576,5.46,-2.419,0.00849,-0.01005,0.01005,-0.00849
55.0881,5.297,-2.017,0.0048,-0.00809,0.00809,-0.0048
55.1216,4.752,-1.642,0.00157,-0.00625,0.00625,-0.00157
55.1535,3.988,-1.093,-0.00103,-0.00459,0.00459,0.00103
55.1839,2.861,-0.597,-0.00281,-0.00332,0.00332,0.00281
55.2141,1.538,-0.12,-0.00363,-0.0025,0.0025,0.00363
55.2451,0.086,0.284,-0.00363,-0.0025,0.0025,0.00363
55.2753,-0.799,0.275,-0.0032,-0.00293,0.00293,0.0032
55.3056,-1.483,0.466,-0.00241,-0.00372,0.00372,0.00241
55.336,-1.598,0.386,-0.00156,-0.00457,0.00457,0.00156
55.3686,-1.693,0.137,-0.00066,-0.00547,0.00547,0.00066
55.3987,-1.92,-0.157,0.00037,-0.0065,0.0065,-0.00037
55.4295,-2.003,-0.596,0.00118,-0.00782,0.00782,-0.00118
55.4596,-1.591,-1.154,0.00154,-0.00916,0.00916,-0.00154
55.4899,-1.096,-1.44,0.00151,-0.01036,0.01036,-0.00151
55.52,-0.451,-1.614,0.00082,-0.01105,0.01105,-0.00082
55.5528,-0.045,-1.651,0.00012,-0.01175,0.01175,-0.00012
55.5831,0.187,-1.624,-0.00058,-0.01245,0.01245,0.00058
55.6137,0.375,-1.677,-0.00129,-0.01316,0.01316,0.00129
55.6442,0.392,-1.596,-0.00197,-0.01384,0.01384,0.00197
55.677,0.266,-1.233,-0.0025,-0.01437,0.01437,0.0025
55.7076,0.18,-0.869,-0.00287,-0.01474,0.01474,0.00287
55.7402,0.131,-0.301,-0.00287,-0.01474,0.01474,0.00287
55.7702,0.081,0.218,-0.00287,-0.01474,0.01474,0.00287
55.8007,0.125,0.488,-0.00287,-0.01474,0.01474,0.00287
55.8327,0.173,0.603,-0.00261,-0.01448,0.01448,0.00261
55.8626,0.362,0.638,-0.00234,-0.01421,0.01421,0.00234
55.8927,0.585,0.617,-0.00239,-0.01363,0.01363,0.00239
55.9257,0.923,0.604,-0.00262,-0.01288,0.01288,0.00262
55.9561,1.18,0.517,-0.00303,-0.01203,0.01203,0.00303
55.9865,1.391,0.339,-0.00377,-0.01129,0.01129,0.00377
56.0196,1.555,0.044,-0.0046,-0.01046,0.01046,0.0046
56.05,1.621,-0.221,-0.00547,-0.0096,0.0096,0.00547
56.0816,1.553,-0.356,-0.0063,-0.00877,0.00877,0.0063
56.1148,1.294,-0.4,-0.00699,-0.00808,0.00808,0.00699
56.1451,0.957,-0.368,-0.0075,-0.00757,0.00757,0.0075
56.1762,0.642,-0.391,-0.00784,-0.00723,0.00723,0.00784
56.2066,0.24,-0.246,-0.00784,-0.00723,0.00723,0.00784
56.239,-0.218,-0.087,-0.00784,-0.00723,0.00723,0.00784
56.2709,-0.737,0.007,-0.00745,-0.00762,0.00762,0.00745
56.3014,-1.251,0.076,-0.00678,-0.00829,0.00829,0.00678
56.3314,-1.8,0.226,-0.00582,-0.00925,0.00925,0.00582
56.3641,-2.248,0.38,-0.00462,-0.01045,0.01045,0.00462
56.3941,-2.512,0.409,-0.00328,-0.01179,0.01179,0.00328
56.4242,-2.679,0.491,-0.00185,-0.01322,0.01322,0.00185
56.4573,-2.809,0.645,-8e-05,-0.01444,0.01444,8e-05
56.4873,-2.788,0.869,0.00178,-0.01556,0.01556,-0.00178
56.5172,-2.528,0.917,0.00352,-0.01651,0.01651,-0.00352
56.548,-2.085,0.907,0.00502,-0.01724,0.01724,-0.00502
56.5784,-1.654,0.899,0.00628,-0.01774,0.01774,-0.00628
56.6109,-1.283,1.019,0.0074,-0.01799,0.01799,-0.0074
56.6423,-0.756,1.049,0.00825,-0.01794,0.01794,-0.00825
56.6725,-0.15,1.022,0.00869,-0.01751,0.01751,-0.00869
56.7047,0.379,1.003,0.00912,-0.01708,0.01708,-0.00912
56.7374,0.745,1.001,0.00915,-0.01625,0.01625,-0.00915
56.7677,1.027,1.067,0.00906,-0.01525,0.01525,-0.00906
56.7986,1.306,1.142,0.00885,-0.01407,0.01407,-0.00885
56.8315,1.541,1.195,0.00853,-0.01273,0.01273,-0.00853
56.8619,1.555,1.173,0.0082,-0.01141,0.01141,-0.0082
56.8922,1.337,1.165,0.00799,-0.01019,0.01019,-0.00799
56.9243,1.094,0.95,0.00781,-0.00921,0.00921,-0.00781
56.9545,0.839,0.682,0.00765,-0.00847,0.00847,-0.00765
56.9848,0.506,0.547,0.00762,-0.00797,0.00797,-0.00762
57.0153,0.063,0.325,0.00762,-0.00797,0.00797,-0.00762
57.0476,-0.389,0.062,0.00762,-0.00797,0.00797,-0.00762
57.0786,-0.684,-0.182,0.00798,-0.00833,0.00833,-0.00798
57.1088,-0.912,-0.458,0.00847,-0.00882,0.00882,-0.00847
57.1415,-1.067,-0.679,0.00875,-0.00967,0.00967,-0.00875
57.1728,-1.195,-0.812,0.00904,-0.01066,0.01066,-0.00904
57.2048,-1.295,-0.895,0.00935,-0.01173,0.01173,-0.00935
57.235,-1.29,-0.851,0.00967,-0.01278,0.01278,-0.00967
57.2668,-1.101,-0.755,0.00994,-0.01369,0.01369,-0.00994
57.297,-0.885,-0.576,0.01016,-0.01441,0.01441,-0.01016
57.328,-0.635,-0.404,0.0105,-0.01475,0.01475,-0.0105
57.3598,-0.444,-0.312,0.0105,-0.01475,0.01475,-0.0105
57.3899,-0.137,-0.162,0.0105,-0.01475,0.01475,-0.0105
57.4198,0.156,-0.08,0.0105,-0.01475,0.01475,-0.0105
57.4508,0.355,-0.043,0.0105,-0.01475,0.01475,-0.0105
57.4809,0.473,-0.101,0.0105,-0.01475,0.01475,-0.0105
57.5108,0.581,-0.173,0.01019,-0.01444,0.01444,-0.01019
57.5412,0.672,-0.188,0.00983,-0.01408,0.01408,-0.00983
57.5741,0.699,-0.192,0.00946,-0.01371,0.01371,-0.00946
57.6041,0.749,-0.252,0.00906,-0.01331,0.01331,-0.00906
57.6343,0.796,-0.163,0.00864,-0.01288,0.01288,-0.00864
57.6673,0.893,-0.172,0.00816,-0.01241,0.01241,-0.00816
57.6973,0.88,-0.137,0.00769,-0.01194,0.01194,-0.00769
57.7277,0.82,-0.164,0.00725,-0.0115,0.0115,-0.00725
57.7602,0.763,-0.187,0.00685,-0.01109,0.01109,-0.00685
57.7902,0.748,-0.189,0.00645,-0.01069,0.01069,-0.00645
57.8208,0.765,-0.165,0.00604,-0.01029,0.01029,-0.00604
57.8509,0.756,-0.183,0.00564,-0.00988,0.00988,-0.00564
57.8809,0.625,-0.235,0.0053,-0.00955,0.00955,-0.0053
57.9108,0.51,-0.297,0.00503,-0.00928,0.00928,-0.00503
57.9432,0.385,-0.331,0.00503,-0.00928,0.00928,-0.00503
57.9732,0.224,-0.38,0.00503,-0.00928,0.00928,-0.00503
58.0032,0.045,-0.39,0.00503,-0.00928,0.00928,-0.00503
58.0367,-0.084,-0.405,0.00503,-0.00928,0.00928,-0.00503
58.0672,-0.219,-0.408,0.00503,-0.00928,0.00928,-0.00503
58.0976,-0.388,-0.432,0.00503,-0.00928,0.00928,-0.00503
58.1306,-0.534,-0.396,0.00532,-0.00956,0.00956,-0.00532
58.1615,-0.584,-0.364,0.00563,-0.00987,0.00987,-0.00563
58.192,-0.733,-0.29,0.00602,-0.01027,0.01027,-0.00602
58.2243,-0.854,-0.277,0.00647,-0.01072,0.01072,-0.00647
58.2546,-0.955,-0.193,0.00698,-0.01123,0.01123,-0.00698
58.2849,-1.057,-0.155,0.00755,-0.01179,0.01179,-0.00755
58.3177,-1.096,-0.216,0.00813,-0.01238,0.01238,-0.00813
58.3477,-1.107,-0.234,0.00872,-0.01297,0.01297,-0.00872
58.3784,-1.114,-0.239,0.00932,-0.01356,0.01356,-0.00932
58.4086,-1.128,-0.27,0.00992,-0.01416,0.01416,-0.00992
58.4389,-0.923,-0.271,0.01041,-0.01466,0.01466,-0.01041
58.469,-0.727,-0.267,0.0108,-0.01504,0.01504,-0.0108
58.5017,-0.676,-0.389,0.01116,-0.0154,0.0154,-0.01116
58.5317,-0.549,-0.275,0.01145,-0.0157,0.0157,-0.01145
58.5619,-0.348,-0.341,0.01145,-0.0157,0.0157,-0.01145
58.5927,-0.143,-0.541,0.01122,-0.01593,0.01593,-0.01122
58.6228,0.055,-0.555,0.01098,-0.01617,0.01617,-0.01098
58.6527,0.3,-0.549,0.01075,-0.0164,0.0164,-0.01075
58.6835,0.438,-0.523,0.01053,-0.01662,0.01662,-0.01053
58.7135,0.534,-0.543,0.01001,-0.01657,0.01657,-0.01001
58.7435,0.636,-0.574,0.00943,-0.01648,0.01648,-0.00943
58.7748,0.734,-0.585,0.00878,-0.01633,0.01633,-0.00878
58.8049,0.805,-0.577,0.00811,-0.01615,0.01615,-0.00811
58.8351,0.862,-0.566,0.00741,-0.01593,0.01593,-0.00741
58.8658,0.865,-0.578,0.0067,-0.01572,0.01572,-0.0067
58.8986,0.871,-0.608,0.00598,-0.01551,0.01551,-0.00598
58.9287,0.81,-0.6,0.00529,-0.01534,0.01534,-0.00529
58.96,0.703,-0.571,0.00467,-0.0152,0.0152,-0.00467
58.9904,0.621,-0.558,0.0041,-0.01511,0.01511,-0.0041
59.0235,0.548,-0.499,0.00381,-0.01482,0.01482,-0.00381
59.0558,0.468,-0.434,0.00381,-0.01482,0.01482,-0.00381
59.0862,0.429,-0.386,0.00381,-0.01482,0.01482,-0.00381
59.1167,0.375,-0.426,0.00381,-0.01482,0.01482,-0.00381
59.149,0.309,-0.488,0.00381,-0.01482,0.01482,-0.00381
59.1798,0.307,-0.525,0.00358,-0.01504,0.01504,-0.00358
59.2099,0.335,-0.565,0.00334,-0.01528,0.01528,-0.00334
59.2404,0.37,-0.602,0.00309,-0.01554,0.01554,-0.00309
59.2711,0.331,-0.599,0.00283,-0.0158,0.0158,-0.00283
59.3037,0.295,-0.722,0.00252,-0.01611,0.01611,-0.00252
59.3368,0.325,-0.843,0.00216,-0.01647,0.01647,-0.00216
59.3668,0.346,-0.828,0.00181,-0.01682,0.01682,-0.00181
59.3968,0.355,-0.946,0.0014,-0.01722,0.01722,-0.0014
59.4275,0.263,-0.967,0.00099,-0.01763,0.01763,-0.00099
59.4581,0.188,-0.942,0.00059,-0.01804,0.01804,-0.00059
59.4881,0.2,-1.117,0.00011,-0.01851,0.01851,-0.00011
59.5188,0.202,-1.149,-0.00038,-0.019,0.019,0.00038
59.5489,0.185,-1.156,-0.00087,-0.0195,0.0195,0.00087
59.5795,0.092,-0.985,-0.00129,-0.01992,0.01992,0.00129
59.6106,0.031,-0.901,-0.00167,-0.0203,0.0203,0.00167
59.6407,0.033,-0.608,-0.00193,-0.02056,0.02056,0.00193
59.6706,0.055,-0.367,-0.00193,-0.02056,0.02056,0.00193
59.7014,0.216,-0.082,-0.00193,-0.02056,0.02056,0.00193
59.7341,0.342,0.137,-0.00193,-0.02056,0.02056,0.00193
59.764,0.37,0.42,-0.00193,-0.02056,0.02056,0.00193
59.7946,0.39,0.681,-0.00164,-0.02027,0.02027,0.00164
59.8249,0.481,0.944,-0.00124,-0.01987,0.01987,0.00124
59.8548,0.588,1.145,-0.00107,-0.01907,0.01907,0.00107
59.8848,0.585,1.346,-0.0008,-0.01818,0.01818,0.0008
59.9175,0.528,1.577,-0.00041,-0.01722,0.01722,0.00041
59.9475,0.4,1.755,0.00034,-0.01648,0.01648,-0.00034
59.9776,0.289,1.973,0.00118,-0.01563,0.01563,-0.00118
60.0083,0.208,2.149,0.0021,-0.01472,0.01472,-0.0021
